cocoa_solids_pct,cocoa_butter_pct,sugar_pct,milk_solids_pct,lecithin_pct,bitterness,sweetness,melt,snap,flavor_balance
38.815,21.676,31.953,17.251,0.393,1.0,6.61,3.25,2.19,3.18
73.996,30.523,37.905,16.824,0.396,3.27,7.66,9.26,3.58,6.35
56.92,27.635,38.467,22.431,0.366,1.0,7.95,7.19,2.23,5.32
71.173,36.366,35.352,8.536,0.428,3.1,6.18,7.33,2.53,5.82
83.899,25.679,29.906,13.679,0.482,5.22,5.95,6.0,5.74,5.74
61.925,27.993,24.514,5.34,0.181,3.44,4.38,7.86,3.6,5.79
60.056,22.4,41.083,8.32,0.391,1.22,8.04,3.12,3.19,5.08
38.603,30.057,10.975,20.546,0.265,1.0,2.78,8.3,1.13,3.35
48.422,39.1,17.712,24.093,0.431,1.0,4.09,5.17,1.03,3.21
59.994,25.318,40.181,8.198,0.465,1.83,7.32,5.52,3.21,5.26
68.961,35.817,45.009,19.043,0.477,1.81,9.04,7.93,2.38,5.45
75.187,23.279,34.796,13.441,0.403,3.44,6.64,4.53,5.41,5.69
54.047,37.718,7.244,17.315,0.468,2.74,2.85,6.16,2.16,3.64
38.297,30.253,42.371,9.16,0.147,1.0,8.35,9.34,1.0,5.18
49.407,22.516,48.58,8.835,0.138,1.0,8.7,3.55,2.07,4.37
80.48,35.654,25.717,5.156,0.267,5.92,4.7,7.8,4.26,5.74
45.669,37.752,22.567,12.536,0.388,1.0,4.9,5.74,1.0,3.47
57.606,22.901,20.854,1.395,0.423,3.01,4.03,4.22,4.23,4.41
81.56,22.348,32.295,21.508,0.435,4.67,6.72,3.98,6.04,5.02
36.245,25.028,12.638,6.1,0.153,1.0,2.68,5.31,2.03,2.87
65.027,30.299,11.058,15.844,0.374,4.92,2.13,9.05,3.85,4.6
82.506,39.002,49.588,12.647,0.322,3.84,8.8,5.09,3.11,4.86
46.515,37.212,27.547,8.685,0.167,1.0,5.56,5.99,1.0,4.21
62.424,26.493,28.165,23.596,0.29,2.06,5.77,6.16,3.86,5.19
80.456,20.745,18.563,21.224,0.41,5.86,4.09,2.15,7.21,4.47
41.658,31.914,7.01,18.384,0.166,1.0,2.26,8.67,2.01,3.8
61.171,31.495,7.904,2.959,0.458,4.12,1.0,8.95,3.84,4.64
72.52,24.831,7.653,11.559,0.166,6.23,1.22,4.83,6.02,4.2
68.451,32.071,36.639,16.277,0.133,2.65,7.31,9.23,3.16,7.36
58.388,39.632,40.087,2.385,0.245,1.26,7.07,5.1,1.31,5.05
45.242,22.888,47.805,17.395,0.411,1.0,9.17,3.67,1.15,5.01
59.538,26.296,49.129,20.411,0.41,1.0,9.91,6.55,2.42,6.25
53.619,36.959,11.804,23.73,0.446,2.06,3.01,6.81,1.78,3.89
58.87,23.183,5.68,12.551,0.172,3.45,1.51,3.71,5.0,3.06
53.295,22.575,35.798,0.718,0.187,1.02,6.52,3.53,3.02,4.38
76.896,23.44,18.144,5.201,0.182,6.43,2.86,3.79,6.12,4.7
73.432,35.394,46.515,20.132,0.183,1.82,9.56,7.99,3.23,6.37
50.7,22.549,26.944,3.709,0.269,1.0,5.11,3.3,3.29,3.69
63.631,21.822,24.72,15.558,0.498,2.59,4.85,2.88,4.96,3.96
48.802,32.539,23.926,16.33,0.371,1.0,5.31,8.95,1.55,5.25
57.642,35.337,18.814,11.114,0.236,2.63,3.53,8.44,2.16,4.63
52.649,35.127,30.379,19.63,0.484,1.0,6.02,8.3,1.08,5.15
67.87,28.662,13.317,3.072,0.325,5.1,2.1,7.88,5.02,5.12
53.518,38.332,48.972,15.502,0.116,1.0,9.3,5.7,1.0,4.79
57.955,23.018,41.295,9.512,0.129,1.25,7.52,3.44,3.1,4.89
70.966,28.83,43.401,21.438,0.322,3.28,8.62,7.97,4.22,5.29
55.65,27.386,47.565,9.907,0.178,1.0,8.68,6.93,2.18,6.07
80.321,30.924,35.723,4.721,0.208,5.55,6.55,8.46,4.54,5.89
44.023,23.865,45.583,8.612,0.249,1.0,8.66,4.26,1.46,4.89
72.056,22.942,38.232,13.124,0.339,3.69,7.4,3.86,4.47,5.0
56.119,39.667,26.339,2.004,0.472,2.2,4.9,4.85,1.32,4.53
56.323,26.043,5.943,21.594,0.135,2.91,1.97,5.91,4.48,4.33
66.719,29.994,28.19,16.28,0.469,2.87,5.4,9.12,3.39,5.35
61.145,38.325,29.277,7.819,0.272,2.23,4.93,5.47,1.65,3.68
55.744,26.053,38.137,15.202,0.224,1.0,7.52,6.34,3.16,5.54
35.071,27.332,44.099,24.593,0.215,1.0,8.51,7.31,1.0,4.04
39.613,31.263,33.291,15.07,0.243,1.0,6.72,9.12,1.0,4.7
70.47,21.361,8.923,10.157,0.268,6.0,1.95,3.26,6.82,4.09
61.217,20.468,9.123,17.036,0.259,3.75,2.3,2.15,5.13,3.1
69.808,32.655,44.196,18.907,0.439,2.39,8.59,9.24,2.82,6.79
82.773,27.418,44.642,17.166,0.236,4.37,8.72,7.05,4.65,5.61
69.146,21.59,23.026,5.277,0.196,3.94,3.99,2.64,4.74,4.21
37.656,25.733,8.072,0.523,0.473,1.0,1.65,5.77,2.64,2.99
50.443,33.869,9.832,7.922,0.411,2.03,2.44,8.95,2.42,5.11
64.63,35.192,10.145,10.868,0.111,4.15,2.47,8.12,3.38,5.09
46.756,30.108,46.117,20.783,0.322,1.0,9.43,8.96,1.0,5.67
83.249,24.415,23.287,2.209,0.351,6.8,4.06,4.57,6.19,5.16
82.252,36.79,25.868,21.091,0.159,5.47,5.34,6.86,3.87,5.21
77.42,24.154,41.856,1.487,0.233,4.41,8.0,4.48,4.8,4.88
58.616,35.138,15.953,7.848,0.172,3.03,3.32,7.86,2.39,4.47
77.074,23.064,28.969,10.101,0.134,4.92,5.57,3.7,5.4,4.61
41.556,38.697,31.022,23.292,0.305,1.0,6.83,4.79,1.0,3.14
50.437,35.467,23.678,23.726,0.129,1.04,4.95,7.48,1.15,3.99
58.15,30.025,10.424,1.017,0.284,4.16,1.87,8.57,3.26,4.7
72.092,28.683,24.071,4.899,0.291,4.7,4.57,7.89,4.61,5.07
59.291,31.46,10.042,11.205,0.339,3.64,2.23,9.33,3.62,5.04
41.844,33.222,19.284,6.81,0.442,1.0,4.24,8.88,1.54,3.77
52.177,31.158,23.016,23.834,0.111,1.02,5.22,9.48,2.32,5.01
51.221,33.916,13.565,15.304,0.171,2.11,3.34,8.24,1.76,4.1
50.021,21.754,49.882,8.164,0.367,1.0,9.0,3.6,1.99,5.09
43.275,28.343,36.044,14.993,0.271,1.0,7.08,7.49,1.47,4.84
55.745,35.07,46.914,16.861,0.172,1.0,9.04,7.75,1.0,5.35
57.406,28.767,46.941,21.415,0.176,1.0,9.38,7.78,2.2,5.93
73.745,39.413,17.912,22.188,0.175,4.98,4.17,4.62,3.92,4.88
74.82,30.68,11.525,10.531,0.468,6.11,2.42,8.95,4.67,5.92
61.12,26.219,49.628,18.959,0.252,1.0,9.76,6.01,2.27,6.06
58.032,37.842,27.958,24.337,0.33,1.24,6.59,6.28,1.55,4.81
73.911,28.444,35.463,13.344,0.329,3.61,6.8,8.1,4.26,6.21
79.364,30.924,43.991,18.29,0.402,3.54,8.29,8.75,4.32,6.66
68.746,32.827,20.295,12.222,0.293,4.69,4.44,9.44,3.31,5.66
75.024,37.12,31.651,9.566,0.254,4.29,6.41,6.75,3.42,5.41
81.956,24.189,18.457,5.085,0.385,7.51,3.47,4.61,6.4,4.98
37.033,37.476,14.691,2.28,0.23,1.0,3.1,6.64,1.0,3.2
78.784,31.475,6.549,8.112,0.139,6.86,1.0,9.0,5.51,4.82
48.828,27.329,15.607,8.868,0.499,1.56,3.33,7.59,2.95,4.57
58.788,26.705,16.22,14.25,0.473,3.52,3.42,6.28,4.38,5.08
74.838,39.636,38.624,16.763,0.283,3.4,8.15,5.06,2.36,4.94
70.862,38.942,28.231,17.77,0.389,3.75,5.77,5.14,2.91,4.51
42.357,30.912,39.791,19.229,0.427,1.0,8.48,9.3,1.0,5.02
67.937,26.927,17.88,14.307,0.252,4.3,3.68,6.58,4.98,5.18
38.463,39.478,14.583,12.804,0.172,1.0,3.12,5.26,1.0,2.52
52.854,20.327,31.009,15.293,0.164,1.0,6.01,2.4,4.03,3.59
75.641,20.979,17.201,17.563,0.451,5.66,3.36,2.93,5.99,4.32
56.385,29.732,38.921,21.139,0.496,1.0,7.63,8.37,1.84,5.85
64.993,31.74,22.188,6.297,0.28,3.92,4.52,8.68,2.99,5.35
71.408,20.131,17.632,21.476,0.492,4.27,3.51,2.44,6.57,4.01
76.061,23.75,38.904,4.949,0.289,4.11,7.09,4.71,4.9,5.18
73.026,21.724,13.495,0.435,0.281,6.07,2.71,3.03,5.64,3.78
35.357,24.996,37.618,19.917,0.207,1.0,7.68,4.7,1.0,3.77
56.013,23.658,22.541,5.769,0.327,2.3,4.43,4.71,4.01,4.34
58.157,22.486,8.83,20.963,0.256,2.94,2.54,3.25,4.95,3.7
37.775,22.589,33.247,8.919,0.447,1.0,6.53,3.79,1.75,3.37
62.072,27.428,32.416,8.821,0.481,1.79,5.55,6.97,2.99,4.68
65.389,22.575,9.498,21.743,0.385,4.05,3.0,3.3,5.4,3.83
76.423,35.468,25.703,18.972,0.275,4.57,5.39,7.99,3.33,5.63
82.09,28.056,25.824,1.458,0.246,6.48,4.41,6.77,5.14,5.67
41.407,22.337,37.215,23.607,0.489,1.0,7.56,3.13,2.03,3.78
46.522,33.027,13.849,5.209,0.372,1.72,2.7,8.94,2.06,3.7
67.958,35.764,30.187,16.665,0.351,2.76,6.22,7.62,2.74,5.81
41.624,27.193,49.655,23.513,0.1,1.0,9.51,6.36,1.0,4.78
46.204,20.123,5.706,21.059,0.494,1.37,1.56,2.7,3.79,2.46
63.743,33.003,37.248,12.207,0.235,1.93,6.72,8.93,2.38,6.02
43.476,35.08,20.735,23.678,0.301,1.0,4.99,8.1,1.34,4.44
74.112,37.786,26.835,17.143,0.166,4.01,5.15,5.53,3.08,4.74
77.849,34.263,17.696,6.249,0.486,6.1,3.38,8.65,4.16,5.96
36.684,31.937,25.704,24.106,0.453,1.0,5.31,9.4,1.0,4.17
61.632,26.862,27.302,14.181,0.258,2.27,5.41,6.91,3.39,5.21
74.848,24.877,46.399,8.058,0.419,2.84,8.38,5.32,4.25,5.55
83.757,21.297,44.297,10.863,0.499,5.12,8.02,2.84,5.86,4.08
48.713,36.386,46.867,4.849,0.448,1.0,8.93,7.26,1.0,5.44
43.455,31.206,48.551,14.338,0.141,1.0,9.32,9.03,1.0,5.53
78.835,25.758,22.757,14.167,0.132,5.64,4.27,5.9,5.11,5.79
80.459,22.493,40.137,3.991,0.238,5.07,7.95,3.31,5.9,4.87
44.877,25.767,45.051,10.371,0.296,1.0,8.22,5.72,1.11,4.39
57.076,35.156,10.266,6.657,0.193,3.2,1.77,8.15,2.47,4.59
70.962,24.316,37.679,22.389,0.163,2.44,7.07,4.5,4.33,5.85
77.267,21.042,30.966,4.871,0.193,5.27,6.13,2.66,6.0,4.15
43.414,27.601,13.944,15.209,0.483,1.0,3.24,7.37,2.34,3.76
68.248,26.716,33.419,16.004,0.424,2.99,6.67,6.34,4.18,5.89
75.392,33.941,35.963,15.092,0.162,3.25,7.29,9.1,3.47,6.73
62.486,31.12,34.418,9.328,0.272,2.02,6.54,9.23,2.78,5.73
43.236,29.454,5.274,6.115,0.438,1.47,1.49,8.23,2.07,3.97
36.776,39.521,46.618,0.206,0.209,1.0,8.91,4.44,1.0,3.35
49.077,36.882,20.811,5.117,0.309,1.0,4.05,6.73,1.0,3.59
75.394,22.563,41.092,20.352,0.215,3.02,8.32,3.22,4.91,4.81
37.238,24.968,11.943,6.95,0.472,1.0,2.58,4.94,1.67,2.41
35.411,28.387,32.096,13.349,0.304,1.0,6.41,7.86,1.0,3.83
53.081,21.43,7.61,7.438,0.223,2.75,2.13,2.68,4.83,2.89
38.181,35.163,30.059,1.606,0.395,1.0,5.7,7.85,1.0,3.98
42.474,35.363,34.135,10.536,0.194,1.0,6.67,8.36,1.0,4.43
36.16,25.848,22.431,24.809,0.202,1.0,4.54,5.7,1.79,3.05
61.236,38.107,37.32,10.043,0.47,1.47,6.79,6.06,1.72,4.18
69.835,31.05,26.349,8.34,0.456,3.92,4.8,8.7,4.37,5.89
56.353,24.472,7.539,14.325,0.17,3.35,1.95,4.37,4.53,4.22
41.729,32.43,6.755,8.964,0.14,1.36,1.77,8.72,1.63,4.06
51.568,33.451,7.284,5.901,0.452,2.95,1.64,9.24,2.45,4.51
64.517,34.351,20.275,9.543,0.273,3.12,3.95,8.73,3.21,5.07
82.033,39.427,46.788,22.506,0.408,3.48,9.26,4.82,3.05,4.88
84.628,38.273,19.797,3.568,0.24,7.52,3.7,5.63,4.52,4.63
47.08,28.266,41.678,3.277,0.125,1.0,7.89,7.72,1.24,5.06
35.529,28.637,34.0,18.853,0.149,1.0,6.39,7.62,1.0,4.18
76.532,20.469,36.63,4.691,0.286,4.46,6.96,2.3,5.44,4.75
81.331,28.35,34.511,3.272,0.398,5.76,6.79,8.09,5.71,5.64
57.93,23.543,14.082,6.085,0.465,3.1,3.12,3.89,4.5,3.71
73.572,22.403,44.241,22.066,0.224,2.17,8.59,3.49,4.17,5.25
78.31,36.317,23.819,23.507,0.269,4.53,4.86,7.24,4.3,5.29
65.481,20.436,47.067,23.318,0.385,1.37,9.29,2.46,3.87,5.29
78.631,22.581,5.704,7.847,0.376,7.02,1.68,3.44,6.88,4.62
36.195,33.287,10.18,22.644,0.412,1.0,2.92,9.24,1.0,3.83
48.58,31.344,11.04,1.583,0.399,2.44,1.5,9.37,2.65,4.32
48.861,28.581,37.734,12.046,0.311,1.0,6.28,8.08,1.63,4.59
41.032,36.152,9.817,13.804,0.403,1.0,2.46,6.98,1.05,3.0
80.536,24.763,24.423,11.233,0.279,5.86,5.44,5.0,5.94,4.93
36.522,24.132,28.11,24.462,0.412,1.0,5.62,4.91,2.18,3.68
68.628,30.274,28.128,18.854,0.284,3.3,5.55,8.48,3.78,6.6
38.567,22.133,18.263,11.937,0.144,1.0,3.84,2.65,2.19,2.35
53.039,33.782,44.683,18.317,0.424,1.0,8.82,8.76,1.0,5.79
55.905,38.7,25.361,19.063,0.163,1.42,5.57,5.57,1.38,4.66
44.07,36.228,12.895,2.805,0.318,1.25,2.01,6.99,1.0,2.74
61.051,37.624,30.097,8.059,0.393,2.28,5.72,6.41,1.9,5.46
61.75,21.459,10.069,8.188,0.352,4.2,1.93,2.76,5.36,3.18
50.852,28.481,35.124,23.582,0.324,1.0,7.49,7.85,1.64,5.29
71.854,38.059,12.801,21.338,0.491,4.86,3.21,6.13,3.65,4.83
43.01,36.827,45.068,7.514,0.206,1.0,8.73,6.8,1.0,5.04
44.625,31.876,8.528,24.704,0.3,1.27,2.21,8.94,1.82,4.07
52.726,33.088,18.943,1.813,0.397,2.3,3.15,9.08,1.92,4.4
53.919,25.32,14.712,8.35,0.492,2.31,2.77,5.97,3.59,3.77
45.314,25.305,30.635,5.031,0.195,1.0,5.58,5.53,1.89,3.3
80.935,21.334,23.238,13.017,0.114,6.0,4.36,2.87,6.38,4.54
76.405,38.039,25.353,22.621,0.423,3.92,4.98,5.72,3.43,5.44
40.344,25.78,25.153,19.697,0.358,1.0,5.17,5.66,1.4,3.47
53.474,39.85,32.537,0.932,0.279,1.59,5.37,4.11,1.03,3.93
46.634,20.137,16.789,6.21,0.465,1.04,3.59,2.6,3.8,3.34
57.554,35.982,19.488,19.44,0.491,2.27,4.11,7.93,2.1,4.66
48.816,30.516,16.625,7.005,0.249,1.26,2.91,8.98,2.37,4.09
60.09,20.84,11.521,20.45,0.269,2.73,2.92,2.75,4.82,3.24
81.13,33.264,33.091,15.565,0.324,5.17,5.95,8.83,4.4,6.04
54.126,34.049,47.031,17.43,0.254,1.0,9.2,8.53,1.0,5.23
67.506,33.992,45.879,17.856,0.278,1.7,8.74,9.04,2.32,6.83
64.781,33.919,48.426,14.421,0.194,1.12,9.69,8.55,1.99,5.94
72.598,33.563,9.954,4.611,0.434,6.44,2.07,9.22,4.4,5.34
38.083,35.352,37.244,20.292,0.278,1.0,7.29,8.44,1.0,4.31
72.241,27.602,8.358,14.094,0.462,6.05,2.27,6.98,5.2,5.08
82.314,39.154,41.688,18.041,0.429,4.58,8.09,4.85,3.26,4.7
65.178,29.656,42.984,0.656,0.299,2.11,7.85,9.03,3.04,6.94
49.379,25.356,26.568,4.54,0.18,1.0,4.03,5.69,2.83,3.93
68.618,39.857,49.416,14.133,0.106,1.07,9.18,4.88,1.4,5.78
70.602,25.59,25.857,20.033,0.212,3.62,5.23,6.1,5.27,5.55
67.823,28.815,29.353,9.034,0.424,2.6,5.94,8.05,4.11,6.14
42.347,33.955,20.218,18.782,0.322,1.0,4.1,9.32,1.15,4.37
83.674,35.963,41.837,0.038,0.408,4.7,7.45,8.02,3.63,5.59
82.769,26.333,30.37,1.116,0.14,5.96,5.3,6.47,5.72,5.81
56.231,20.705,27.527,17.213,0.402,1.53,5.19,2.64,3.86,3.58
64.682,31.561,24.116,24.683,0.495,2.31,5.09,9.1,3.98,6.17
36.981,31.84,38.9,7.894,0.11,1.0,7.49,8.8,1.0,4.97
84.432,34.591,8.247,8.404,0.153,7.68,1.65,7.92,5.39,5.57
75.937,25.22,33.458,8.503,0.442,4.51,6.17,5.17,5.29,5.46
66.825,36.414,8.285,14.497,0.253,4.24,2.0,6.98,3.89,4.62
73.054,35.479,14.771,9.862,0.229,5.43,3.0,7.91,3.88,4.91
44.401,37.233,6.49,9.104,0.44,1.48,1.68,6.46,1.34,3.14
50.383,35.12,28.377,19.181,0.452,1.0,5.83,7.67,1.95,5.0
47.32,33.462,47.46,0.047,0.497,1.0,8.05,9.04,1.0,6.09
64.802,31.082,14.586,21.766,0.2,3.86,3.38,8.38,3.99,5.2
39.595,37.149,10.081,18.527,0.332,1.0,2.64,6.58,1.57,3.54
79.78,24.519,28.695,23.918,0.14,4.78,6.47,4.93,5.74,5.57
58.114,33.3,5.939,21.029,0.302,2.9,1.6,8.49,2.93,3.6
57.241,35.842,20.78,19.843,0.435,1.78,4.97,7.35,1.87,4.27
40.236,35.495,25.039,7.322,0.233,1.0,4.66,7.83,1.0,3.57
69.245,22.592,8.489,19.52,0.305,4.28,2.73,3.87,6.11,4.57
75.845,26.277,44.914,14.933,0.366,3.04,7.9,6.2,4.12,6.22
66.478,38.655,22.278,8.736,0.129,3.62,4.2,5.23,1.99,4.14
47.101,35.491,31.423,20.248,0.215,1.0,5.74,7.92,1.0,4.43
74.271,23.094,10.068,12.238,0.247,5.48,1.79,3.24,6.18,3.94
42.284,29.666,48.575,24.608,0.466,1.0,9.56,8.18,1.0,4.6
76.364,36.216,13.18,18.042,0.378,5.5,3.14,7.62,4.08,5.61
64.035,37.19,25.98,21.995,0.349,1.97,5.25,6.89,2.72,5.32
49.469,30.4,8.972,22.535,0.196,2.06,2.61,8.97,2.66,3.7
60.662,22.029,12.072,14.625,0.442,2.87,2.48,3.25,4.56,3.11
66.443,24.387,11.11,22.316,0.19,4.07,3.32,4.78,4.92,4.53
47.929,20.489,22.352,14.936,0.408,1.0,4.44,1.93,3.32,2.97
77.345,23.315,8.952,12.787,0.209,6.6,2.62,3.56,6.14,4.85
56.063,21.222,26.007,24.876,0.479,1.05,6.17,2.69,3.84,4.55
79.617,34.0,30.435,17.402,0.121,5.12,5.75,8.89,4.56,6.01
76.773,34.019,13.584,17.265,0.145,5.69,3.19,8.67,4.94,6.02
39.967,28.866,39.545,24.708,0.457,1.0,7.95,8.2,1.0,4.7
67.313,37.619,8.424,15.726,0.166,5.12,2.53,5.88,3.72,4.35
50.525,22.926,30.869,0.071,0.335,1.0,5.62,3.73,3.01,4.2
72.703,23.88,41.45,16.907,0.244,2.79,8.54,4.42,4.67,5.59
62.132,32.228,32.634,15.72,0.331,1.88,6.36,9.31,2.14,5.6
57.88,30.561,5.2,18.194,0.345,3.1,1.57,8.89,3.91,5.02
79.768,22.444,8.373,24.368,0.29,6.36,2.15,3.98,7.14,4.66
37.863,38.137,7.07,18.427,0.299,1.0,2.12,5.52,1.0,2.46
62.866,32.437,10.811,24.861,0.395,3.78,3.02,9.43,3.73,5.49
51.396,32.159,28.681,19.699,0.173,1.0,5.94,8.68,1.45,4.81
36.764,27.462,48.167,24.499,0.38,1.0,9.72,6.8,1.0,4.96
72.676,32.124,21.596,10.881,0.113,4.96,4.45,9.25,3.75,5.29
63.087,21.43,40.485,6.155,0.415,1.73,7.4,2.77,3.88,4.35
79.707,26.024,17.161,13.782,0.262,6.52,3.33,5.76,5.95,5.44
64.913,32.668,48.769,22.209,0.373,1.0,9.23,9.14,1.96,6.46
51.852,31.974,22.223,21.491,0.16,1.0,4.67,9.83,2.46,4.89
84.261,30.52,13.781,16.749,0.485,7.1,2.92,8.81,5.71,6.01
40.786,21.062,13.61,10.09,0.469,1.0,3.2,2.64,3.13,2.86
37.63,26.433,10.141,6.879,0.45,1.0,2.44,6.78,2.13,3.64
71.631,39.69,8.664,0.628,0.426,6.32,1.3,4.55,3.49,3.65
53.544,38.864,46.699,10.437,0.4,1.0,8.92,6.07,1.0,5.4
53.073,36.405,37.546,12.581,0.108,1.0,6.93,6.77,1.01,4.9
78.827,21.275,11.55,24.552,0.288,6.24,3.21,2.69,6.79,4.13
51.365,21.47,32.094,14.188,0.184,1.0,5.82,3.09,3.59,3.53
79.449,24.253,25.879,14.464,0.129,4.73,5.39,4.46,5.84,5.49
67.199,36.555,8.245,11.643,0.379,4.85,1.85,7.03,3.77,4.74
51.452,24.078,49.449,0.364,0.497,1.0,8.91,4.16,1.76,4.69
37.977,24.506,15.65,7.167,0.489,1.0,3.12,4.86,1.88,2.41
47.255,25.208,30.799,16.436,0.257,1.0,5.87,5.59,2.35,4.62
83.421,34.664,21.217,17.704,0.192,6.3,4.42,8.26,5.59,6.41
55.263,30.552,26.942,23.762,0.341,1.0,5.76,8.63,2.1,5.09
43.002,37.211,49.587,12.04,0.154,1.0,9.59,6.95,1.0,5.05
49.901,21.521,39.439,17.207,0.427,1.0,7.93,3.2,2.51,5.0
79.979,21.031,15.727,19.916,0.458,5.82,3.88,2.9,6.74,4.49
43.249,36.925,36.675,18.959,0.345,1.0,7.51,6.81,1.0,4.27
73.893,22.179,25.904,3.144,0.453,4.84,4.34,3.06,5.93,4.55
41.743,34.299,15.725,22.262,0.181,1.0,3.99,8.86,1.0,4.34
83.07,32.091,30.124,18.826,0.451,5.52,5.66,9.23,5.05,5.98
61.51,24.145,15.518,16.736,0.228,2.92,3.21,4.39,4.57,4.0
37.158,25.204,41.534,3.601,0.305,1.0,7.64,5.3,1.0,4.47
81.548,34.795,18.249,23.581,0.469,5.49,3.85,8.52,4.71,6.26
52.911,20.434,9.436,16.998,0.302,2.6,2.27,2.64,4.67,3.38
71.571,39.113,43.83,4.761,0.42,2.47,8.24,5.15,2.12,4.91
61.185,20.899,12.62,14.635,0.186,3.6,2.64,2.41,5.53,3.59
39.629,23.233,36.874,3.705,0.119,1.0,6.52,3.46,1.62,3.47
40.303,32.799,44.091,1.375,0.477,1.0,7.59,9.07,1.0,5.07
42.461,22.288,37.717,17.792,0.468,1.0,8.34,3.32,1.62,4.35
43.06,39.954,47.741,18.432,0.414,1.0,9.16,4.61,1.0,4.28
37.638,28.66,17.176,12.884,0.298,1.0,3.67,7.98,1.53,3.63
37.351,21.379,21.784,3.743,0.192,1.0,4.13,2.59,2.38,2.8
82.421,23.3,33.593,8.173,0.116,5.45,6.55,3.81,6.46,4.94
39.565,30.845,10.287,2.619,0.443,1.14,1.85,9.25,1.42,3.58
60.418,37.406,49.472,5.669,0.458,1.0,8.76,6.52,1.15,5.72
40.931,25.141,34.7,1.647,0.197,1.0,6.2,5.19,1.49,3.64
45.739,27.988,35.588,16.58,0.362,1.0,6.82,7.49,1.0,4.21
73.154,31.379,31.267,19.459,0.302,3.15,5.86,9.0,3.61,5.63
81.907,33.014,27.72,12.933,0.297,5.71,4.8,9.12,4.81,6.21
58.486,34.465,13.751,16.515,0.293,2.15,3.13,8.67,2.69,4.78
35.282,26.495,9.749,3.758,0.305,1.0,1.86,6.3,1.66,2.85
84.96,27.413,16.45,22.701,0.126,6.69,4.15,6.97,6.7,5.33
37.389,37.472,6.272,14.854,0.19,1.0,1.65,6.48,1.0,2.49
54.472,38.122,33.058,3.113,0.194,1.18,5.92,6.06,1.07,4.41
61.953,28.348,13.131,13.353,0.261,3.53,3.23,8.17,4.31,5.08
79.587,39.931,46.449,11.467,0.255,4.04,8.14,4.06,2.5,4.48
76.156,23.504,9.925,21.701,0.492,5.27,2.81,4.42,6.57,4.89
65.469,36.466,19.403,18.743,0.47,3.37,3.93,7.14,2.66,5.12
54.93,38.178,43.662,2.429,0.379,1.0,7.54,6.07,1.0,5.07
76.724,31.293,32.966,16.201,0.248,4.23,6.56,9.33,4.56,7.05
78.453,33.838,23.631,1.334,0.325,5.49,4.22,9.33,4.83,6.51
78.595,21.202,37.918,12.395,0.292,4.44,6.83,2.57,5.94,4.49
70.882,36.853,23.037,20.896,0.248,3.57,4.97,7.18,3.05,5.67
39.889,33.663,12.046,4.708,0.442,1.0,2.88,8.19,1.04,3.22
49.929,31.568,49.086,16.182,0.409,1.0,9.66,9.19,1.0,6.23
59.296,31.625,44.256,10.157,0.386,1.39,8.32,8.51,1.68,5.86
60.253,23.199,38.207,2.877,0.249,1.82,6.75,3.63,3.61,4.72
76.644,36.946,17.633,22.157,0.261,5.75,3.93,6.48,3.93,5.71
46.892,30.582,27.817,17.993,0.244,1.0,5.87,8.46,1.93,4.69
68.23,32.158,8.952,6.677,0.375,5.15,1.76,9.17,3.88,5.33
53.71,23.402,6.717,5.021,0.395,3.61,1.56,3.72,4.14,3.48
73.774,32.563,47.571,8.936,0.423,2.81,9.06,8.82,2.75,5.93
44.789,24.767,23.808,17.865,0.327,1.0,4.57,4.78,2.06,3.75
58.831,35.247,14.832,22.888,0.219,2.8,3.61,7.85,3.21,4.96
40.178,20.552,40.499,12.882,0.42,1.0,7.95,2.64,2.32,4.04
45.6,22.488,28.668,0.083,0.349,1.0,5.08,3.3,2.76,3.41
81.759,24.223,34.77,0.34,0.485,5.58,5.92,4.41,5.88,5.27
50.802,28.019,9.872,6.122,0.249,2.7,2.49,7.02,3.34,4.05
79.649,37.414,25.05,19.582,0.165,5.26,5.14,6.56,3.98,5.5
61.215,20.136,23.367,4.202,0.435,3.47,4.3,2.42,3.88,3.99
36.952,31.119,18.243,14.406,0.101,1.0,3.76,9.13,1.0,3.65
74.649,20.72,13.022,0.726,0.164,6.09,2.2,2.23,6.67,3.97
37.598,27.592,44.313,8.063,0.344,1.0,8.21,7.62,1.0,4.62
76.347,25.963,38.408,16.507,0.376,3.6,7.4,6.16,5.16,6.01
35.44,23.283,30.363,17.019,0.201,1.0,5.74,4.54,1.66,3.42
68.706,29.587,17.285,0.447,0.113,4.92,2.58,8.31,4.48,5.64
43.286,26.836,33.541,4.395,0.322,1.0,6.02,6.92,1.64,4.25
52.144,25.237,23.489,5.768,0.412,1.33,4.34,5.91,3.31,4.2
82.638,32.234,5.093,6.404,0.497,7.77,1.0,9.16,5.75,5.29
59.312,24.887,33.013,8.967,0.224,2.06,6.45,5.05,3.99,4.58
67.871,39.44,34.965,19.647,0.223,2.35,6.96,4.66,1.96,5.12
72.037,24.99,48.306,2.589,0.383,2.73,8.86,5.14,3.76,5.52
40.496,39.771,42.173,5.762,0.414,1.0,7.88,4.89,1.0,4.38
76.94,23.227,8.545,12.115,0.215,6.79,1.27,3.9,6.59,3.81
80.696,38.998,19.249,19.5,0.144,5.68,4.27,4.8,4.18,4.88
42.771,21.255,6.969,19.268,0.2,1.0,2.51,3.43,3.85,2.75
62.312,20.148,8.066,2.72,0.2,4.01,1.58,2.01,6.21,3.66
49.175,21.95,25.929,13.373,0.305,1.0,5.17,3.45,3.18,4.02
72.032,34.144,14.401,16.23,0.177,4.92,2.82,8.6,4.19,5.27
36.414,24.653,7.734,10.896,0.13,1.0,1.98,5.04,1.91,2.63
60.627,25.513,33.225,21.314,0.486,1.9,6.45,5.86,3.49,5.4
74.641,33.466,46.468,2.752,0.343,3.7,7.79,9.17,3.59,5.83
71.737,20.59,42.136,14.013,0.107,2.63,8.08,2.59,4.71,5.06
40.409,30.805,7.41,17.907,0.386,1.0,2.36,9.54,1.54,3.51
76.647,28.007,18.396,24.526,0.173,4.5,4.1,7.29,4.87,5.62
46.892,23.227,6.702,0.246,0.258,2.3,1.21,3.48,3.25,2.84
75.389,38.235,23.926,18.091,0.32,4.26,4.72,5.32,3.07,4.93
59.856,27.208,47.105,8.522,0.393,1.0,9.2,6.4,2.53,5.87
43.041,25.827,13.671,18.63,0.485,1.0,3.36,6.1,2.62,3.59
71.702,33.89,37.878,13.172,0.2,3.81,7.12,8.19,2.53,5.98
75.396,37.109,27.304,19.501,0.116,4.34,5.49,6.14,3.6,5.36
69.945,24.561,28.384,4.118,0.18,4.2,5.21,4.86,5.15,5.01
83.242,22.543,42.489,22.867,0.232,3.65,8.71,3.33,6.02,4.8
47.807,39.201,18.997,9.693,0.187,1.0,3.66,5.0,1.0,2.87
46.788,28.549,19.626,20.087,0.269,1.0,4.08,7.11,2.48,4.13
42.362,30.7,38.208,7.318,0.271,1.0,7.25,8.56,1.0,4.99
61.97,29.139,11.319,3.376,0.479,4.46,2.1,7.91,3.71,4.55
54.972,36.559,9.819,8.576,0.48,3.09,1.67,7.21,1.88,3.46
52.833,28.579,23.457,16.868,0.275,1.6,4.84,7.91,2.24,5.06
58.015,35.141,22.725,22.997,0.245,1.61,4.88,8.2,2.14,5.03
48.727,30.455,18.606,12.424,0.454,1.0,3.73,9.31,2.37,4.9
35.213,21.594,16.422,8.343,0.38,1.0,3.4,3.98,1.74,2.84
58.588,30.187,44.618,23.296,0.455,1.0,8.94,8.7,1.47,5.96
48.794,37.112,23.437,18.511,0.269,1.0,5.45,6.89,1.33,4.43
57.489,30.622,18.902,11.305,0.109,2.38,4.01,9.1,2.75,4.62
81.444,27.856,40.412,16.319,0.219,4.8,8.0,7.36,5.54,5.38
43.95,20.513,43.067,6.368,0.18,1.0,7.84,2.06,2.24,4.15
66.874,34.026,36.544,12.447,0.348,2.42,6.97,8.97,2.26,5.94
67.221,27.852,48.391,10.005,0.336,1.66,8.78,7.72,3.39,6.16
49.065,26.467,10.529,6.142,0.144,2.31,1.96,6.45,3.49,3.41
58.544,27.395,25.148,2.212,0.421,2.31,4.81,6.94,2.84,4.97
83.481,28.354,41.499,5.705,0.372,4.68,8.16,7.16,4.89,5.16
52.123,26.715,48.838,19.975,0.266,1.0,9.72,6.24,2.16,6.1
70.617,25.834,13.916,18.996,0.275,4.5,3.31,6.2,4.84,5.04
77.011,29.21,38.467,10.955,0.287,4.23,7.37,8.66,4.45,5.6
53.035,20.933,14.512,22.024,0.373,1.49,3.73,2.33,4.34,3.11
84.496,24.515,22.892,3.951,0.295,6.68,4.11,4.88,7.05,4.97
66.293,28.763,38.798,18.357,0.461,2.04,7.59,8.52,3.7,6.66
60.049,37.695,39.657,19.071,0.351,1.0,8.0,6.66,1.19,5.51
70.745,28.563,7.581,1.678,0.245,6.31,1.85,7.62,4.75,4.95
56.191,31.118,16.495,21.644,0.411,1.98,3.84,9.05,2.83,4.71
70.616,37.872,48.338,19.354,0.332,1.29,8.83,6.09,1.98,5.86
48.74,36.116,30.595,11.612,0.175,1.0,6.18,7.07,1.0,4.28
81.36,34.246,31.025,12.361,0.366,5.29,5.99,9.15,4.21,6.41
62.098,32.389,16.498,14.605,0.459,3.23,3.28,8.67,3.06,4.69
47.082,31.918,25.284,11.966,0.285,1.0,4.78,9.25,1.89,4.88
56.86,23.811,17.202,1.366,0.332,2.94,2.19,4.61,3.95,3.02
79.755,22.703,11.19,10.779,0.13,7.03,2.11,3.6,6.57,4.6
75.353,21.114,17.819,21.623,0.122,4.83,3.91,2.82,6.36,4.28
59.223,21.876,30.088,13.361,0.202,2.19,6.04,2.35,4.06,4.36
52.585,32.3,28.56,6.117,0.48,1.0,5.34,9.24,1.86,5.4
53.812,32.17,28.602,22.699,0.142,1.0,5.73,9.15,2.36,5.08
84.06,20.746,20.48,10.662,0.227,6.36,3.85,2.57,6.8,3.86
40.611,36.767,24.622,4.6,0.363,1.0,4.65,6.61,1.0,3.07
79.451,28.831,44.317,14.887,0.457,3.72,8.57,8.11,4.67,6.01
77.88,30.769,46.399,4.354,0.484,3.87,8.44,8.82,3.69,5.62
46.219,21.47,45.385,15.598,0.356,1.0,9.0,3.3,2.15,4.3
52.468,37.17,15.578,16.934,0.118,1.55,2.91,6.38,1.89,3.83
63.478,21.601,33.564,4.813,0.276,2.68,6.21,2.87,4.49,4.62
75.12,24.22,39.549,7.864,0.459,3.87,7.37,4.62,4.85,5.58
82.522,29.303,19.743,14.7,0.223,6.88,3.73,8.27,5.34,6.16
84.59,29.953,26.469,5.5,0.102,6.88,4.89,9.1,5.24,5.73
49.062,30.664,43.532,20.54,0.47,1.0,8.45,9.47,1.1,5.81
44.618,38.721,36.646,18.284,0.456,1.0,6.95,5.61,1.0,3.51
59.386,20.699,37.68,4.384,0.391,1.83,6.5,2.45,3.79,4.49
62.878,33.524,8.591,14.727,0.167,3.69,2.27,8.69,3.44,4.65
67.835,28.596,7.376,14.317,0.387,5.26,2.03,7.44,4.38,5.27
40.38,36.245,36.025,9.336,0.15,1.0,7.18,7.32,1.0,4.57
67.318,33.35,30.773,16.426,0.2,3.1,6.33,8.99,2.77,6.03
81.069,36.252,12.695,10.74,0.11,6.84,2.75,7.22,5.29,5.38
80.76,37.271,5.198,11.107,0.186,7.6,1.0,6.25,5.8,4.84
82.189,35.608,15.591,9.854,0.455,7.22,3.02,8.26,5.14,5.84
81.117,22.645,33.031,14.349,0.399,5.17,6.29,3.8,6.11,5.12
83.039,30.744,21.308,0.027,0.371,6.81,4.3,9.06,5.28,6.28
37.435,35.466,34.269,15.023,0.341,1.0,6.53,8.41,1.0,3.73
80.801,35.488,11.892,2.992,0.187,7.38,1.77,7.92,4.83,5.05
48.561,38.541,34.181,5.681,0.135,1.0,6.06,6.03,1.0,4.15
51.033,28.318,10.026,20.33,0.201,1.61,2.94,7.67,3.14,3.83
57.931,20.179,45.308,5.678,0.443,1.0,8.11,2.42,3.0,4.63
82.764,34.545,16.529,15.511,0.307,6.42,3.69,8.29,5.32,5.56
65.254,25.563,5.205,6.33,0.128,5.25,1.01,5.84,5.03,4.05
52.635,33.112,41.044,24.889,0.214,1.0,8.64,8.83,1.44,5.69
53.708,20.98,19.438,24.548,0.28,1.22,4.01,2.74,4.09,3.31
80.246,27.107,23.412,8.299,0.17,5.71,4.29,6.86,5.41,5.71
76.117,32.663,11.496,22.79,0.143,4.98,3.08,8.8,4.79,5.74
41.877,22.521,14.15,22.767,0.296,1.0,3.44,4.1,3.12,3.43
47.434,26.343,22.952,5.103,0.45,1.17,4.08,6.68,2.33,4.31
53.597,22.901,18.108,9.39,0.193,1.89,4.06,3.56,4.24,3.78
45.837,37.821,27.742,4.71,0.274,1.0,4.77,6.39,1.0,3.53
63.174,35.486,17.022,5.715,0.419,3.93,3.0,8.07,3.38,4.63
46.182,32.77,24.67,13.16,0.326,1.0,5.31,8.97,1.0,4.33
63.746,30.399,6.31,12.555,0.352,4.8,2.12,9.45,3.94,5.08
81.801,39.552,27.65,11.294,0.386,5.09,5.29,5.07,3.92,5.08
77.434,25.172,32.043,4.971,0.426,4.94,5.46,5.59,5.71,5.66
39.963,34.11,45.429,13.336,0.121,1.0,8.32,8.74,1.0,4.97
45.345,21.725,37.202,23.663,0.328,1.0,7.37,3.22,2.58,4.25
55.637,32.432,8.542,8.996,0.135,3.63,1.88,9.28,2.77,4.28
67.306,23.907,21.413,17.188,0.164,3.4,4.87,4.38,4.62,4.76
54.328,20.188,39.166,5.765,0.121,1.03,7.49,2.28,3.39,4.65
47.581,38.184,37.32,18.811,0.17,1.0,7.73,5.83,1.0,4.57
52.233,25.587,7.408,14.402,0.449,2.63,1.79,5.3,3.7,3.24
45.201,39.806,6.27,22.94,0.168,1.0,2.32,4.47,1.0,2.0
78.093,33.596,27.313,1.949,0.109,6.31,5.11,9.15,3.55,5.8
69.863,33.417,25.139,16.414,0.202,3.86,5.35,9.35,3.55,5.81
55.551,33.468,11.177,10.536,0.408,3.16,2.43,9.04,2.94,4.7
70.022,39.847,16.917,9.237,0.312,4.99,3.23,4.33,2.88,3.78
60.986,24.494,20.73,8.328,0.318,3.13,4.35,5.13,4.27,5.21
61.313,39.753,40.424,22.561,0.364,1.0,8.56,4.42,1.0,4.57
53.368,26.433,16.671,6.315,0.225,2.4,3.19,6.02,3.72,4.7
59.411,21.885,41.255,15.789,0.416,1.1,8.08,2.73,3.69,5.17
84.276,38.445,42.808,0.656,0.297,5.69,7.88,5.04,3.06,4.56
74.223,21.946,16.108,24.085,0.223,4.94,4.24,3.65,5.95,5.2
76.385,29.506,43.376,20.05,0.205,3.1,8.98,8.46,4.36,6.31
41.219,36.681,8.634,17.238,0.493,1.0,2.32,6.3,1.0,2.77
60.214,25.532,22.211,12.971,0.415,2.31,4.86,5.44,3.22,5.27
53.345,34.405,9.477,9.0,0.322,2.72,1.73,8.04,2.35,3.7
39.445,32.838,19.543,10.892,0.305,1.0,3.35,9.33,1.0,3.7
54.764,33.822,17.742,16.481,0.343,1.71,3.72,8.62,1.52,3.97
38.709,23.014,39.258,12.718,0.11,1.0,7.69,3.44,1.52,3.86
46.701,34.06,42.452,22.339,0.133,1.0,8.06,8.8,1.0,5.37
74.938,36.794,20.027,8.12,0.359,5.04,3.79,7.47,3.63,5.09
69.311,22.827,20.263,21.58,0.369,4.07,4.49,3.44,5.05,4.61
69.927,39.214,48.411,7.522,0.456,2.49,8.87,5.09,1.6,4.81
38.968,39.036,12.309,3.625,0.346,1.0,2.51,4.9,1.0,2.3
43.199,26.377,26.29,3.181,0.397,1.0,5.21,6.63,1.87,4.47
36.079,39.107,31.637,6.643,0.326,1.0,5.92,5.2,1.0,3.41
39.876,38.769,34.605,22.927,0.261,1.0,7.02,5.4,1.0,3.28
40.061,22.331,11.909,20.011,0.283,1.0,3.17,3.08,2.73,2.2
83.007,34.881,19.27,18.384,0.482,6.61,4.4,8.81,5.47,6.18
79.698,39.249,11.673,7.662,0.473,6.38,2.19,5.0,4.22,4.13
45.213,36.472,39.062,5.414,0.453,1.0,7.64,7.63,1.0,4.67
47.691,22.654,37.74,9.043,0.329,1.0,7.35,3.9,2.49,4.27
83.044,28.158,41.983,16.702,0.186,4.75,7.94,7.26,4.67,5.78
63.5,31.28,24.322,4.058,0.131,3.44,4.47,8.94,2.86,6.06
53.426,27.428,5.851,13.209,0.464,2.73,1.37,7.29,4.34,3.83
58.327,27.716,45.481,9.217,0.141,1.0,8.68,6.94,2.36,6.6
48.61,21.928,9.751,18.994,0.242,1.4,2.58,3.04,3.53,2.95
64.179,20.142,15.087,16.1,0.425,3.33,3.91,2.44,5.68,3.83
71.264,26.123,6.385,3.731,0.183,6.46,1.0,5.55,5.5,4.57
60.772,28.47,22.794,7.724,0.419,2.81,4.01,7.84,3.21,5.48
76.033,31.576,36.244,20.198,0.195,3.72,7.05,9.17,3.8,6.27
40.661,39.107,46.8,22.178,0.414,1.0,9.45,5.03,1.0,3.86
65.183,21.789,29.669,12.777,0.385,2.05,5.67,2.89,4.32,4.87
84.48,26.943,8.93,20.678,0.214,7.31,2.12,6.29,6.97,5.81
42.454,37.402,44.788,5.265,0.235,1.0,8.38,6.45,1.0,3.75
59.752,36.514,9.432,10.151,0.245,3.02,1.97,7.2,2.69,3.81
66.507,22.239,14.177,16.086,0.331,3.95,3.22,3.26,5.76,3.84
51.876,33.516,14.905,0.694,0.463,2.65,2.99,9.38,2.4,4.49
83.231,21.788,44.873,13.239,0.318,4.53,8.71,3.03,5.63,4.38
59.271,38.914,23.435,21.319,0.267,1.97,4.57,5.12,1.3,3.68
58.935,25.199,42.954,5.251,0.256,1.13,7.64,5.85,2.74,5.3
80.133,32.123,30.052,0.295,0.17,5.52,5.42,9.29,4.93,6.86
35.796,29.412,26.504,16.192,0.368,1.0,5.42,8.8,1.0,3.69
78.444,30.239,40.415,16.515,0.298,4.19,7.56,9.19,4.85,6.36
41.454,24.28,14.492,6.067,0.458,1.0,3.08,4.57,2.49,3.3
53.958,27.176,17.223,8.16,0.306,1.56,3.45,6.65,2.84,3.64
59.423,25.648,46.014,8.6,0.482,1.31,8.67,6.3,2.61,5.62
58.828,32.314,32.172,2.083,0.276,2.12,6.09,8.56,2.73,5.34
36.97,28.447,22.134,18.604,0.306,1.0,4.67,7.71,1.0,4.03
50.855,31.832,33.314,5.359,0.173,1.19,6.49,9.56,1.66,5.31
52.84,30.733,38.717,19.297,0.416,1.0,7.75,8.83,1.87,5.95
82.809,33.32,37.042,16.285,0.111,4.85,7.24,9.09,4.16,5.57
80.849,39.51,27.759,2.593,0.172,6.31,5.27,4.5,3.93,4.15
64.217,30.67,33.081,18.699,0.226,2.28,6.15,9.63,3.47,6.31
81.668,30.929,15.653,3.595,0.436,6.87,2.37,9.07,5.76,6.26
78.186,32.281,26.692,16.457,0.344,5.0,5.01,9.41,3.96,5.94
53.786,30.949,44.726,1.94,0.223,1.0,8.32,8.59,1.53,5.51
40.848,28.226,46.142,14.517,0.466,1.0,8.91,8.02,1.0,5.22
65.357,24.92,5.981,11.106,0.433,4.89,1.34,5.41,5.49,3.93
51.15,30.728,16.448,13.104,0.112,2.04,3.19,8.74,3.01,4.27
35.487,24.921,16.771,18.715,0.197,1.0,3.34,5.29,1.85,2.5
84.059,33.189,19.731,18.457,0.379,6.72,4.25,8.97,5.26,6.1
83.464,37.727,18.664,1.137,0.448,7.26,3.28,6.42,3.95,4.25
61.84,36.002,17.655,4.082,0.397,4.23,3.42,7.45,2.35,5.16
65.909,35.728,26.297,24.55,0.454,2.51,5.91,7.69,3.1,6.02
68.443,24.264,15.843,10.983,0.15,5.43,3.32,4.19,4.86,4.96
81.327,20.672,37.86,20.542,0.103,4.5,7.88,2.53,5.98,4.33
58.375,24.075,6.296,13.768,0.276,3.49,1.57,4.42,4.14,3.25
64.144,31.404,48.329,19.331,0.125,1.0,9.8,8.82,2.17,6.56
46.327,22.497,13.481,1.77,0.365,1.1,2.66,3.96,2.99,2.68
47.12,22.004,45.248,12.539,0.466,1.0,8.45,3.24,2.24,5.13
61.106,39.957,35.57,18.809,0.268,1.3,7.14,4.41,1.21,4.33
46.46,27.087,44.781,10.382,0.332,1.0,9.08,6.67,1.39,5.76
36.513,21.272,24.571,17.882,0.255,1.0,4.82,3.03,1.61,2.97
53.42,30.23,19.575,20.776,0.166,1.0,4.17,8.79,2.57,4.47
72.497,33.949,32.471,20.358,0.147,2.61,6.43,8.42,3.66,6.03
48.854,29.205,13.798,5.135,0.386,1.67,2.77,8.3,1.64,3.67
78.135,22.627,23.943,22.682,0.462,4.48,5.12,3.77,5.87,5.16
70.125,30.297,29.378,14.556,0.246,3.81,6.32,8.84,3.83,6.54
67.666,21.382,10.556,4.585,0.154,4.83,1.98,3.1,6.03,3.74
79.624,34.608,41.062,19.816,0.432,4.0,8.22,8.8,3.82,5.79
38.691,38.781,25.626,6.359,0.205,1.0,4.76,5.98,1.0,3.18
43.938,20.838,28.939,8.321,0.407,1.0,5.23,2.43,2.78,3.74
80.464,31.41,35.551,10.407,0.361,4.94,6.62,9.13,4.68,6.4
80.352,36.617,45.424,12.635,0.224,4.05,8.44,6.99,3.17,5.36
38.913,32.811,11.185,4.31,0.305,1.0,2.45,9.01,1.13,3.36
73.712,22.982,13.629,21.25,0.248,5.16,3.62,3.73,5.66,4.48
35.772,21.363,10.568,20.496,0.15,1.0,2.67,2.64,2.54,2.38
41.762,29.15,48.331,7.623,0.19,1.0,9.3,8.51,1.0,5.35
40.488,20.965,24.407,24.257,0.329,1.0,5.1,2.28,2.98,2.85
49.7,36.736,37.317,1.474,0.412,1.0,7.26,7.08,1.0,5.1
54.413,30.326,12.488,3.055,0.136,2.89,1.94,8.95,3.11,4.39
80.544,26.335,46.76,19.151,0.18,3.71,8.86,6.52,4.64,5.58
56.82,35.418,10.649,6.064,0.105,3.24,2.23,7.85,2.61,3.97
41.192,24.291,35.389,5.215,0.494,1.0,6.47,4.85,1.92,4.2
48.617,30.277,6.199,0.56,0.143,2.85,1.0,8.77,2.72,4.01
35.319,30.123,43.893,8.225,0.252,1.0,8.44,8.9,1.0,4.93
36.402,22.08,22.471,1.876,0.122,1.0,3.88,3.05,2.06,2.19
56.553,36.019,33.259,15.944,0.3,1.0,6.85,7.76,1.76,5.16
60.609,33.973,31.97,0.156,0.353,2.32,5.27,9.16,2.34,5.59
47.498,23.98,14.115,10.915,0.31,1.21,3.31,5.06,3.44,3.74
53.995,28.617,25.452,22.139,0.371,1.0,5.68,7.92,2.27,5.21
40.168,26.186,5.11,14.116,0.186,1.0,1.71,6.35,2.84,3.07
67.941,38.747,40.249,8.241,0.466,2.69,7.77,5.57,1.75,5.17
54.63,33.356,25.49,2.709,0.407,2.06,4.61,9.14,1.67,5.21
43.076,38.887,17.491,23.858,0.176,1.0,4.12,5.1,1.0,3.01
59.87,35.335,22.715,0.459,0.281,2.45,4.4,8.04,1.96,4.98
45.419,35.832,23.358,12.493,0.108,1.0,4.41,7.75,1.0,3.44
49.606,26.204,12.177,9.214,0.432,1.83,2.5,6.25,3.67,3.54
41.209,36.974,21.486,19.221,0.458,1.0,4.61,6.79,1.0,3.74
74.037,26.696,35.443,14.758,0.31,3.83,6.77,6.94,4.27,6.13
48.966,36.54,30.174,23.462,0.244,1.0,6.27,7.18,1.11,4.75
82.784,34.197,49.645,23.798,0.42,3.88,8.98,8.63,3.84,6.02
55.272,30.192,38.693,18.181,0.242,1.0,7.62,8.78,2.24,5.99
42.76,23.407,42.278,11.912,0.119,1.0,8.14,3.87,1.02,3.72
70.261,32.017,11.619,13.347,0.366,5.41,2.92,8.97,4.16,5.98
71.678,32.49,28.417,22.972,0.263,3.88,6.16,9.27,4.29,6.84
79.066,33.711,15.998,18.4,0.499,5.61,3.33,8.87,4.6,5.45
41.576,21.327,15.749,18.719,0.306,1.0,3.54,2.44,2.83,2.32
74.494,24.991,19.815,23.495,0.146,4.82,4.13,5.43,5.56,5.45
77.988,31.219,30.618,9.319,0.414,4.55,5.64,9.04,4.53,6.22
50.226,37.05,23.656,20.758,0.484,1.0,4.9,6.44,1.06,4.03
57.724,24.65,22.919,18.844,0.148,1.96,5.16,4.83,2.98,4.3
65.982,37.94,21.443,9.592,0.228,3.74,4.28,5.81,2.82,4.15
47.276,39.503,49.39,18.876,0.294,1.0,9.76,4.87,1.0,4.31
78.568,21.779,24.009,2.673,0.383,6.1,4.19,2.72,6.52,4.51
69.96,34.481,46.333,0.447,0.381,3.14,8.17,8.41,2.84,5.9
77.834,27.95,49.683,21.848,0.35,2.59,9.78,7.06,3.76,5.92
57.496,22.758,32.952,24.429,0.446,1.0,6.61,3.26,3.62,4.18
60.95,24.45,48.959,10.819,0.395,1.0,9.28,4.85,3.45,6.0
44.713,27.228,49.99,9.744,0.109,1.0,9.59,6.72,1.39,5.47
50.701,20.358,41.675,5.669,0.488,1.0,7.5,2.91,3.16,4.52
71.476,33.891,37.175,23.42,0.431,2.45,7.5,8.61,2.97,5.68
82.95,29.073,14.95,6.51,0.37,7.11,2.58,8.33,6.1,5.89
42.605,26.919,13.265,16.152,0.414,1.0,3.56,6.42,2.06,3.01
37.532,37.353,7.387,20.39,0.43,1.0,2.35,7.03,1.0,3.15
38.373,39.327,14.767,11.324,0.12,1.0,3.49,4.86,1.0,2.81
56.774,29.166,28.768,23.946,0.354,1.26,6.02,7.88,3.15,5.52
74.634,26.215,24.674,9.141,0.157,5.3,4.44,6.17,4.39,6.06
46.244,32.065,38.966,19.414,0.203,1.0,7.74,8.95,1.0,5.2
58.857,28.111,18.545,5.356,0.428,2.8,3.93,8.33,3.4,5.28
60.77,37.832,32.925,12.027,0.319,2.11,6.81,6.47,1.53,5.02
76.885,25.768,21.242,17.468,0.22,5.54,4.64,5.54,5.22,5.62
43.202,22.562,14.95,6.321,0.177,1.0,2.98,3.62,3.12,2.68
35.736,20.301,39.917,20.831,0.291,1.0,8.15,2.48,1.2,3.38
60.333,23.406,18.17,23.505,0.142,2.53,4.49,3.83,4.98,4.67
52.762,21.89,28.35,7.228,0.254,1.59,5.07,2.96,3.33,3.85
49.608,38.214,16.301,12.354,0.443,1.08,3.7,5.82,1.07,3.3
73.612,33.598,34.178,0.421,0.248,4.19,5.81,8.56,3.3,6.06
69.173,31.62,12.84,10.108,0.307,5.29,2.74,9.22,4.49,5.7
39.197,38.895,7.823,14.937,0.48,1.0,2.3,5.23,1.0,2.81
62.405,32.363,33.208,4.047,0.245,2.28,6.15,9.08,2.33,5.3
74.892,34.122,27.247,24.444,0.211,3.98,5.8,8.51,2.97,5.96
80.484,23.171,34.294,4.387,0.267,5.46,6.58,3.63,5.65,4.55
35.009,25.752,8.513,12.648,0.255,1.0,2.02,6.35,1.72,2.73
75.378,32.349,39.986,0.235,0.484,4.34,6.97,9.32,3.62,6.07
37.162,36.719,7.174,7.454,0.105,1.0,1.41,7.12,1.0,2.63
69.106,25.642,48.036,20.091,0.16,1.1,9.38,6.44,3.73,6.54
64.9,29.074,47.267,10.201,0.413,1.65,9.03,8.3,2.39,5.67
82.601,25.642,41.04,21.423,0.101,4.42,8.05,5.4,5.38,4.94
66.594,25.786,19.077,20.486,0.275,3.57,3.64,5.31,4.58,4.65
38.497,31.497,34.055,10.854,0.379,1.0,6.72,8.74,1.0,4.23
68.52,38.381,49.633,3.897,0.123,2.23,9.14,5.79,1.56,5.22
47.746,39.523,37.267,20.241,0.227,1.0,7.25,4.35,1.0,3.59
76.597,31.316,34.724,23.022,0.212,3.61,6.98,8.45,4.04,6.21
36.573,20.483,6.358,6.096,0.305,1.0,1.49,2.43,2.95,1.53
51.207,25.528,6.635,1.877,0.349,3.24,1.08,5.62,3.5,3.06
68.822,33.114,33.284,21.11,0.405,2.58,6.82,9.57,2.76,7.1
42.782,38.496,25.935,15.206,0.139,1.0,5.33,5.09,1.0,3.17
67.314,22.922,27.069,6.495,0.197,3.81,4.72,3.95,4.79,5.15
69.861,36.571,13.626,4.309,0.403,5.2,1.77,6.5,4.08,4.35
71.689,37.589,18.728,12.424,0.449,4.73,3.52,6.79,3.55,5.09
78.767,21.796,45.043,23.178,0.229,2.9,9.28,3.08,5.87,4.67
55.658,38.096,21.423,4.179,0.123,2.77,4.36,5.56,2.19,4.35
42.124,31.907,48.689,18.056,0.155,1.0,9.37,9.44,1.0,5.32
48.016,36.923,12.506,6.327,0.417,2.16,2.23,6.97,1.12,2.47
54.484,33.474,28.93,14.792,0.153,1.0,6.19,9.02,1.79,4.5
37.729,33.574,33.723,11.136,0.186,1.0,6.75,8.84,1.0,4.49
70.427,37.496,35.874,14.16,0.176,2.96,7.28,6.69,2.52,5.82
38.151,35.259,41.245,3.38,0.266,1.0,8.11,8.23,1.0,4.63
37.885,28.175,39.032,21.575,0.357,1.0,8.03,7.43,1.0,4.29
81.625,27.649,41.807,24.617,0.155,3.74,8.37,6.97,4.91,5.59
75.312,39.374,7.659,12.421,0.289,5.84,1.59,4.66,4.28,4.49
47.684,25.279,8.639,10.08,0.471,2.13,2.04,5.74,3.51,2.97
52.085,27.535,10.99,19.753,0.298,1.87,2.5,7.4,3.41,4.23
76.296,22.879,13.91,4.207,0.295,6.41,2.9,3.75,6.38,5.01
65.962,26.782,37.318,1.757,0.393,2.82,6.63,6.61,3.81,5.38
48.246,31.684,29.205,17.906,0.323,1.0,6.43,8.98,1.47,4.81
57.451,23.877,36.812,13.661,0.277,1.16,7.01,4.44,3.55,4.88
77.778,28.517,31.963,15.798,0.437,4.58,6.38,8.23,4.63,5.86
35.035,32.174,30.186,0.721,0.156,1.0,5.28,9.31,1.0,4.7
84.62,27.707,13.356,21.586,0.182,6.85,3.41,7.77,6.5,6.13
63.297,35.103,43.71,16.688,0.495,1.0,8.2,8.76,1.59,5.82
44.101,30.308,39.778,2.802,0.206,1.0,7.64,8.69,1.0,5.25
75.01,26.502,39.02,16.525,0.131,3.47,7.71,7.08,4.24,6.22
38.81,34.496,46.929,24.501,0.166,1.0,8.88,8.87,1.0,4.8
55.5,31.08,22.795,6.433,0.478,1.2,3.94,9.24,2.45,4.45
63.657,29.033,23.985,23.596,0.174,2.23,5.28,8.28,4.01,5.87
47.36,23.222,26.199,23.995,0.313,1.0,5.66,4.07,2.71,4.38
79.262,39.738,20.737,21.039,0.394,5.18,5.05,4.53,3.45,5.34
69.845,23.479,28.005,12.217,0.11,3.8,5.18,3.78,4.84,5.09
43.091,27.692,33.18,11.154,0.213,1.0,6.36,7.31,1.24,4.45
42.63,31.711,31.434,9.047,0.394,1.0,6.03,9.08,1.0,4.94
38.097,38.666,12.939,19.648,0.21,1.0,3.25,4.58,1.0,2.38
63.575,26.029,37.634,3.772,0.242,2.5,7.34,6.19,3.46,6.01
44.363,22.292,8.177,13.325,0.324,1.29,2.04,2.76,2.88,2.44
62.149,34.134,14.325,13.665,0.421,3.44,2.63,8.82,3.22,5.04
75.974,39.019,22.851,23.28,0.226,3.99,5.4,5.05,3.41,5.32
78.959,29.039,42.206,22.714,0.165,3.15,8.47,7.98,4.34,5.73
40.818,39.96,16.342,12.067,0.111,1.0,3.04,4.6,1.0,2.57
51.612,26.439,42.236,14.953,0.21,1.0,7.96,6.07,2.02,4.78
55.869,37.612,31.127,17.672,0.367,1.0,6.18,6.07,1.34,4.43
54.171,20.029,36.46,13.581,0.465,1.0,7.1,2.42,2.99,4.16
55.941,33.591,18.335,7.084,0.301,2.54,3.81,8.94,2.75,5.09
57.999,37.704,48.698,3.976,0.159,1.0,8.77,5.97,1.0,5.16
72.828,25.599,34.293,14.07,0.348,3.73,6.47,5.48,4.78,5.66
50.276,36.955,8.621,10.921,0.139,2.32,1.74,6.54,2.28,3.2
52.171,31.989,41.286,6.759,0.152,1.0,7.61,9.18,1.0,5.39
54.512,26.404,26.028,8.614,0.156,1.1,5.03,6.39,2.76,4.08
42.561,20.861,42.565,1.061,0.471,1.0,7.83,2.91,1.67,4.13
66.519,33.233,36.526,13.876,0.348,2.83,6.4,8.98,2.78,5.88
55.012,27.507,48.48,1.907,0.103,1.0,8.47,6.83,1.64,5.55
80.808,30.874,45.913,2.661,0.472,4.79,8.34,9.31,3.87,5.7
76.071,23.973,34.992,19.302,0.256,3.35,7.44,5.18,5.7,5.96
46.509,20.387,39.444,2.717,0.167,1.0,7.45,2.79,2.49,4.3
47.116,21.937,7.702,17.463,0.371,1.47,1.46,2.84,3.92,2.07
74.114,32.818,40.77,12.239,0.305,3.13,7.13,9.31,3.7,6.53
62.994,22.549,38.087,6.08,0.351,2.05,7.18,3.46,4.39,5.2
35.511,25.951,47.448,14.273,0.276,1.0,9.13,5.92,1.0,4.12
66.494,31.839,38.979,13.051,0.188,2.3,7.46,9.02,2.98,6.24
54.746,25.461,32.762,22.762,0.102,1.0,7.35,5.23,3.15,5.27
74.261,29.455,40.029,24.112,0.364,2.43,7.73,8.05,4.29,6.94
72.342,28.25,32.107,11.625,0.293,3.98,6.49,7.86,4.09,6.25
81.116,35.546,26.721,9.118,0.271,5.89,5.08,7.56,4.19,5.77
69.964,28.068,49.091,14.656,0.348,2.16,9.11,7.47,3.39,6.12
80.649,25.661,27.241,2.806,0.3,5.29,4.27,5.62,5.74,6.16
49.233,39.719,9.545,13.195,0.467,2.11,1.94,4.76,1.17,2.69
51.936,23.456,7.053,2.501,0.392,2.66,1.85,3.97,3.9,3.5
37.96,32.807,21.6,6.88,0.471,1.0,4.24,9.12,1.0,4.99
78.347,32.474,25.533,18.952,0.193,4.8,5.47,8.95,4.47,6.45
42.711,26.992,30.033,19.259,0.349,1.0,6.36,6.9,1.69,4.39
62.566,34.873,8.134,11.928,0.463,3.89,1.88,8.47,3.2,3.98
60.46,35.075,29.768,24.096,0.407,1.26,6.51,8.66,1.88,5.01
75.697,29.527,48.134,3.793,0.256,3.51,8.75,8.65,3.59,6.53
54.399,26.461,38.826,7.818,0.396,1.0,7.2,6.26,2.41,5.22
42.133,22.265,36.653,14.812,0.334,1.0,7.1,3.48,2.29,3.68
54.154,37.398,28.185,11.146,0.219,1.48,5.28,6.72,1.16,4.23
37.402,39.677,44.796,16.208,0.395,1.0,8.8,4.56,1.0,3.2
50.073,25.609,9.091,2.215,0.14,2.91,1.7,5.45,4.15,3.65
66.5,26.402,39.986,17.98,0.139,1.53,8.14,5.58,4.0,5.76
37.857,32.916,37.097,4.072,0.178,1.0,6.77,9.45,1.0,4.93
84.485,35.577,22.024,6.759,0.16,6.79,3.83,7.83,5.0,6.16
61.809,36.907,27.074,4.49,0.448,2.93,4.45,7.36,2.18,4.89
50.004,35.358,11.84,18.01,0.192,1.64,3.1,7.49,2.43,4.06
76.689,33.608,5.281,0.994,0.489,7.43,1.66,8.27,4.75,5.41
41.873,32.44,20.109,24.427,0.118,1.0,4.63,9.14,1.38,4.75
51.098,20.289,20.214,9.338,0.13,1.63,3.36,2.01,4.12,2.6
81.858,29.795,28.423,5.817,0.268,5.83,5.48,8.67,5.9,5.93
46.997,34.171,20.564,8.157,0.349,1.0,3.85,8.44,1.36,3.99
71.645,26.055,45.02,12.393,0.353,2.44,8.67,6.32,4.45,5.63
39.047,24.938,11.494,5.753,0.145,1.0,2.48,4.98,2.51,3.16
61.624,28.256,42.076,19.044,0.312,1.16,8.46,7.7,2.48,6.05
67.906,30.886,29.494,18.883,0.173,3.33,6.02,9.1,3.24,5.87
45.486,20.22,14.956,15.728,0.197,1.0,3.28,2.14,3.94,2.92
51.382,35.031,44.422,22.652,0.199,1.0,9.16,8.04,1.0,5.49
62.525,34.173,29.888,18.055,0.208,2.84,5.95,8.97,2.44,5.92
64.499,24.496,9.348,4.01,0.447,5.08,2.16,4.86,5.6,4.42
42.711,24.972,43.999,6.611,0.421,1.0,7.99,5.31,1.01,4.21
55.539,23.49,17.261,11.913,0.162,2.52,3.62,4.16,4.17,3.72
84.987,28.237,30.721,7.734,0.374,6.24,5.46,7.8,6.22,6.05
51.122,39.197,35.551,9.906,0.192,1.0,7.04,5.15,1.0,4.07
74.268,27.813,38.48,11.864,0.107,3.51,7.07,7.9,4.52,6.59
45.081,38.519,37.246,19.594,0.126,1.0,7.24,5.83,1.0,4.0
58.06,23.625,42.421,13.595,0.401,1.0,8.38,3.81,3.66,5.3
60.908,24.788,39.673,20.943,0.371,1.0,8.0,4.43,3.49,5.07
64.801,30.139,13.491,15.2,0.312,3.57,2.97,8.53,4.11,5.55
70.883,23.021,30.07,0.187,0.152,4.2,5.03,3.0,4.7,4.53
74.796,22.266,27.218,24.692,0.42,3.68,5.76,2.56,5.01,4.85
70.008,33.4,10.996,3.671,0.304,5.74,2.19,8.64,4.35,5.08
75.36,26.848,24.499,9.89,0.33,5.3,4.9,6.42,5.01,6.11
79.298,33.975,39.952,0.484,0.427,4.81,6.85,8.85,3.27,5.87
51.306,24.545,25.005,13.124,0.221,1.0,5.16,4.95,3.34,4.61
76.365,25.996,22.645,16.943,0.225,5.14,4.09,6.62,5.54,5.95
60.999,37.857,26.434,7.196,0.141,2.64,5.01,5.84,1.8,4.4
47.971,31.593,30.422,23.211,0.234,1.0,6.13,8.93,1.31,4.77
43.654,22.452,39.421,3.749,0.425,1.0,7.44,3.54,2.15,4.07
73.222,28.413,43.397,23.714,0.35,1.74,8.49,8.2,4.02,6.47
66.832,22.001,18.007,19.655,0.206,3.33,4.64,3.03,5.04,4.23
38.537,21.325,16.865,3.805,0.21,1.0,3.29,2.49,2.92,3.17
64.373,31.283,19.221,2.574,0.36,4.25,3.61,8.33,3.57,5.55
37.227,22.235,43.93,1.654,0.439,1.0,7.31,3.6,1.0,3.67
54.563,24.287,45.525,14.45,0.264,1.0,8.3,4.57,2.48,5.24
63.558,21.452,20.382,6.272,0.1,3.53,4.17,3.23,4.98,4.53
67.51,22.226,42.505,24.279,0.479,1.72,8.31,3.91,4.61,5.79
42.893,28.969,29.495,2.884,0.453,1.0,5.76,8.84,1.57,4.98
37.242,23.313,48.106,20.193,0.352,1.0,9.25,4.12,1.0,3.98
63.801,26.288,30.651,9.389,0.117,3.34,5.99,6.41,3.44,5.69
75.939,28.703,45.687,0.361,0.28,4.18,7.84,7.63,4.23,6.35
74.831,23.882,29.952,18.401,0.217,3.95,6.14,4.45,5.39,5.24
52.983,22.698,20.711,14.686,0.134,1.62,4.5,3.37,3.42,3.86
63.848,22.956,43.214,5.741,0.263,1.85,8.17,4.01,3.6,5.39
70.935,38.825,20.181,8.888,0.303,4.82,3.69,5.19,3.59,5.36
78.659,26.974,40.487,3.751,0.303,4.69,6.9,6.72,4.04,5.3
59.581,29.112,28.88,3.367,0.212,2.68,5.44,7.99,3.42,5.96
78.775,35.059,19.562,14.236,0.199,5.42,4.04,8.67,4.81,6.28
50.886,35.743,26.43,13.487,0.426,1.0,5.48,7.84,1.1,4.78
45.963,33.914,45.774,5.081,0.144,1.0,8.05,8.38,1.0,5.42
49.706,37.839,18.382,7.435,0.312,1.41,3.83,6.03,1.32,3.8
71.488,30.653,8.885,24.896,0.323,5.11,2.49,8.58,4.91,5.33
79.257,23.32,45.674,8.827,0.171,3.84,8.09,4.26,5.26,5.71
58.559,32.244,10.31,12.186,0.109,3.42,2.2,9.42,3.65,4.52
69.796,29.048,15.392,3.984,0.301,5.23,3.13,8.29,4.48,4.97
41.941,36.592,26.586,0.615,0.316,1.0,4.88,7.22,1.0,3.62
60.371,24.859,40.094,15.303,0.162,1.0,7.79,4.6,3.4,5.49
56.742,33.542,48.989,6.028,0.102,1.0,9.0,9.26,1.07,6.09
56.58,20.201,13.407,18.579,0.308,2.5,3.03,2.3,4.76,3.29
44.402,27.661,15.461,5.784,0.107,1.64,3.41,7.83,2.78,4.65
66.139,26.922,49.826,9.22,0.267,1.22,9.22,6.56,2.48,6.16
68.604,21.887,30.325,16.187,0.408,3.45,5.59,3.28,5.05,4.99
66.816,36.417,43.777,17.287,0.438,1.59,8.03,7.58,1.84,6.25
72.138,36.537,21.448,8.598,0.333,4.7,3.95,7.42,3.17,5.22
57.911,25.008,18.05,18.176,0.342,2.82,3.84,5.2,3.9,4.73
77.63,34.231,44.376,14.066,0.156,3.52,8.61,8.87,3.5,6.06
63.561,38.042,14.3,20.376,0.302,3.64,2.59,6.09,3.0,4.52
79.091,31.602,16.942,18.935,0.196,5.79,3.93,9.09,4.92,6.59
55.508,27.375,21.579,20.541,0.43,1.25,5.03,6.85,3.41,4.9
70.007,33.646,20.077,6.61,0.254,4.6,3.66,9.22,4.23,6.13
44.84,27.91,12.492,2.032,0.35,1.34,2.74,7.53,2.53,4.2
39.153,31.429,18.038,0.07,0.404,1.0,3.1,9.31,1.35,4.23
81.575,33.228,12.799,8.258,0.275,7.57,2.48,8.96,5.48,6.24
53.542,25.858,28.969,10.348,0.473,1.27,5.45,6.08,3.12,4.45
37.285,33.246,36.256,6.635,0.311,1.0,7.28,8.88,1.0,4.45
65.923,30.157,28.207,4.003,0.209,4.05,5.5,9.5,3.92,6.69
81.663,31.862,8.18,10.681,0.443,7.39,2.13,9.76,5.9,6.68
73.45,25.78,31.565,7.639,0.368,4.51,5.54,6.06,5.36,5.54
84.362,34.916,37.081,0.8,0.105,6.36,6.57,8.25,4.53,5.12
81.756,22.986,12.957,20.924,0.203,6.15,2.73,3.89,6.63,4.12
57.777,29.616,26.8,12.994,0.403,1.95,5.35,8.34,3.23,5.08
46.695,30.634,48.684,4.377,0.365,1.0,9.06,9.16,1.06,6.15
38.262,20.164,42.219,8.251,0.292,1.0,8.34,2.26,1.98,3.79
48.606,35.945,25.515,14.401,0.48,1.0,5.13,7.56,1.0,4.45
66.608,31.09,16.658,2.424,0.236,4.63,3.11,8.83,3.87,5.82
80.545,21.578,12.212,12.989,0.379,7.01,2.58,2.76,7.42,4.05
35.085,36.977,7.063,18.415,0.24,1.0,1.79,6.94,1.0,2.53
75.874,34.204,15.548,4.102,0.208,6.18,3.37,8.59,4.77,6.07
73.223,38.295,26.976,12.723,0.185,4.68,5.38,5.47,3.16,5.39
69.549,33.639,27.433,22.408,0.136,2.52,6.18,8.9,3.23,6.37
41.394,30.07,12.769,17.59,0.15,1.0,3.31,8.72,1.69,4.35
37.663,35.808,25.448,11.178,0.171,1.0,4.7,7.6,1.0,3.75
71.838,27.169,24.848,0.633,0.22,4.97,4.22,7.33,4.9,5.52
67.07,28.712,41.427,23.275,0.483,2.08,8.48,8.05,3.1,6.66
53.495,27.122,46.459,24.544,0.163,1.0,9.53,6.44,1.93,6.41
52.275,26.521,48.078,19.599,0.277,1.0,9.58,6.46,1.78,5.5
36.632,38.868,26.917,5.732,0.177,1.0,5.12,4.95,1.0,2.94
84.672,30.129,43.295,14.566,0.27,4.97,8.45,9.0,5.07,6.01
76.832,30.15,32.909,20.098,0.112,4.09,6.31,8.86,3.99,6.27
83.71,27.571,9.577,13.284,0.209,7.29,2.08,7.11,6.67,5.87
75.902,26.554,8.279,24.252,0.201,5.83,2.05,6.55,5.77,5.22
57.943,24.619,32.229,14.912,0.313,1.52,6.64,4.79,3.35,5.39
77.258,38.983,35.675,0.146,0.105,4.63,6.4,4.98,2.99,4.82
44.918,34.651,34.324,7.431,0.297,1.0,6.68,7.88,1.0,4.86
68.624,29.62,26.776,24.893,0.135,2.92,5.66,7.85,4.42,6.55
46.861,31.95,31.67,24.522,0.448,1.0,5.92,9.1,1.15,5.15
54.624,36.773,34.839,23.072,0.27,1.0,6.91,7.49,1.07,4.71
78.584,27.399,36.659,5.14,0.406,4.78,6.71,6.81,5.29,5.48
56.248,25.642,11.478,6.353,0.433,2.59,2.34,5.76,4.16,3.98
79.686,29.545,26.422,15.13,0.226,5.54,5.51,8.28,5.66,6.39
64.978,29.204,19.9,0.868,0.422,3.93,3.9,8.54,3.76,5.41
49.687,36.618,26.759,22.277,0.318,1.0,5.53,6.87,1.37,3.92
48.018,37.89,22.703,12.246,0.426,1.0,4.82,6.12,1.0,3.44
35.169,37.18,8.28,18.275,0.42,1.0,1.8,6.84,1.0,1.95
63.605,33.886,40.548,15.337,0.163,1.58,8.02,8.55,2.44,6.32
76.928,30.558,28.488,9.022,0.362,4.61,4.74,8.91,4.3,6.25
46.236,23.493,44.36,22.573,0.263,1.0,9.01,4.0,2.08,5.11
58.962,38.626,6.943,6.111,0.111,4.23,1.0,5.56,2.44,3.0
84.195,37.084,9.339,12.807,0.194,7.87,2.23,6.87,5.56,5.3
54.669,30.522,10.674,10.518,0.184,3.2,2.83,9.07,2.74,4.25
81.922,35.083,44.158,17.961,0.321,4.01,8.44,8.3,3.23,5.32
76.33,37.983,27.806,17.683,0.243,4.22,5.81,5.7,3.89,5.51
59.731,26.09,38.776,11.28,0.171,1.44,7.69,5.89,3.4,5.63
66.768,31.476,8.474,8.262,0.415,5.46,1.01,9.33,4.35,4.89
38.279,39.181,38.577,5.214,0.165,1.0,6.59,5.0,1.0,3.18
60.822,24.468,8.488,1.17,0.397,4.8,1.57,5.09,5.03,4.03
72.997,23.002,45.966,11.002,0.384,2.81,8.24,3.42,5.28,4.81
46.518,38.985,28.047,0.069,0.17,1.0,4.93,4.89,1.0,3.28
37.574,37.518,48.172,8.827,0.379,1.0,9.84,6.18,1.0,4.69
36.47,20.874,33.579,24.213,0.376,1.0,7.6,2.71,1.51,3.47
43.016,31.601,32.073,16.312,0.369,1.0,6.63,8.98,1.01,5.97
46.888,32.911,12.503,10.344,0.485,1.71,2.5,8.89,1.91,3.32
75.27,34.337,33.444,23.611,0.472,3.71,7.01,8.75,3.16,5.66
57.956,32.325,38.927,24.879,0.278,1.0,8.05,9.01,1.73,5.71
61.778,31.25,32.467,19.416,0.225,1.01,6.51,8.73,3.07,5.6
50.655,32.15,36.017,7.606,0.145,1.0,7.26,9.19,1.03,5.19
49.941,32.393,44.787,22.147,0.231,1.0,8.33,9.06,1.0,5.64
62.674,21.846,36.352,19.773,0.36,1.23,7.74,3.23,4.41,5.49
72.289,23.479,33.919,16.233,0.434,3.2,6.52,4.3,5.16,5.71
44.035,25.723,28.739,11.72,0.159,1.0,6.06,5.53,1.46,4.21
56.732,38.558,25.492,6.737,0.308,2.54,4.79,5.47,1.66,4.7
67.204,29.34,37.075,7.444,0.163,2.31,6.7,8.29,3.06,5.55
83.005,32.273,42.262,12.951,0.45,4.33,7.75,9.41,3.7,5.96
48.47,39.368,37.781,12.617,0.465,1.0,7.36,4.98,1.0,4.15
54.643,22.009,9.507,11.312,0.134,2.76,2.29,3.36,3.98,3.16
63.465,23.85,16.534,19.888,0.132,2.53,4.66,4.08,4.69,4.48
42.095,25.628,32.621,6.235,0.434,1.0,6.62,5.76,2.01,4.57
65.579,38.382,30.53,3.082,0.275,3.51,5.54,6.05,2.33,4.84
83.723,34.36,46.291,4.285,0.244,4.99,7.96,8.12,3.84,5.07
48.671,22.611,49.25,15.499,0.493,1.0,9.47,3.23,2.29,4.44
59.029,21.419,45.312,0.799,0.463,1.27,8.29,3.12,3.42,5.09
40.882,23.399,32.262,7.793,0.196,1.0,5.63,4.17,2.11,3.68
60.903,38.312,37.374,4.264,0.205,2.1,6.83,5.98,1.74,5.25
83.579,28.421,43.191,0.673,0.47,5.37,8.03,8.17,4.6,5.67
62.119,37.395,11.583,23.584,0.472,3.25,2.87,6.87,3.31,3.63
45.675,36.932,19.076,9.099,0.276,1.0,3.34,6.7,1.0,3.13
50.538,39.329,6.126,22.525,0.267,1.7,2.28,4.93,1.62,2.55
66.32,30.845,33.08,12.039,0.413,2.82,6.85,9.22,3.31,6.44
77.851,25.468,46.37,24.252,0.152,2.21,9.1,5.15,4.54,5.73
57.672,30.288,5.215,3.477,0.224,4.26,1.15,8.42,3.58,4.19
59.506,37.865,10.682,9.279,0.132,3.55,2.65,5.85,2.68,4.2
75.468,38.96,14.005,6.215,0.163,6.81,2.86,5.44,3.62,4.64
40.265,27.954,40.067,18.724,0.155,1.0,7.76,7.66,1.0,4.84
82.562,29.743,21.647,6.077,0.231,5.87,3.92,8.19,5.77,6.4
58.238,35.957,13.912,13.991,0.402,3.37,3.04,7.47,2.36,4.49
51.582,27.939,21.757,4.726,0.472,1.46,4.12,7.43,2.62,4.36
73.927,24.793,16.533,1.669,0.178,5.48,3.33,4.99,5.82,5.46
47.824,25.587,16.271,22.24,0.171,1.0,3.54,5.66,2.93,3.91
42.322,29.602,30.463,19.29,0.319,1.0,6.4,8.54,1.34,5.16
47.906,24.767,35.168,19.846,0.367,1.0,7.07,4.78,2.21,4.62
68.627,35.293,16.221,24.928,0.409,3.72,3.24,8.39,3.47,5.07
40.033,33.344,29.746,21.269,0.316,1.0,6.47,9.25,1.0,4.44
57.565,38.653,6.34,1.746,0.458,4.09,1.28,5.25,2.49,2.69
46.778,34.936,48.758,7.068,0.166,1.0,8.63,8.13,1.0,4.92
62.284,29.066,9.613,10.334,0.286,3.93,1.59,8.54,3.65,4.01
41.914,23.653,30.151,23.722,0.153,1.0,6.7,4.21,1.88,3.88
73.698,24.706,49.867,0.519,0.492,3.16,9.37,5.2,4.05,4.74
81.196,37.737,19.483,18.466,0.495,6.23,4.17,6.18,4.07,5.08
50.968,32.712,17.921,1.644,0.35,1.46,3.24,9.52,1.97,4.18
52.724,22.138,38.226,4.312,0.424,1.0,7.24,2.97,3.32,4.58
64.904,29.997,25.958,6.145,0.328,3.51,4.66,8.99,3.86,5.72
71.941,35.325,16.996,11.119,0.483,5.41,3.28,8.6,3.68,5.88
37.914,36.096,30.779,22.608,0.409,1.0,6.78,7.32,1.0,4.19
68.739,36.788,42.219,21.455,0.308,1.84,8.0,7.35,2.32,6.45
75.712,38.22,35.112,7.909,0.287,4.34,6.87,6.05,3.14,5.22
74.626,29.646,15.804,24.615,0.38,4.67,3.85,8.41,4.68,5.22
56.93,33.345,35.051,1.53,0.16,1.45,6.73,8.92,1.91,5.99
76.139,21.467,46.845,1.474,0.268,3.56,7.78,3.25,5.16,5.52
62.354,33.232,13.871,12.025,0.134,3.46,3.36,8.77,3.55,5.0
44.336,30.293,34.33,8.507,0.261,1.0,6.5,8.68,1.0,5.24
49.287,24.263,27.481,21.743,0.465,1.0,6.02,3.9,2.94,4.03
64.637,25.058,34.851,0.635,0.302,2.68,5.98,4.77,3.83,5.12
62.624,34.155,11.198,22.087,0.393,3.2,2.57,8.58,3.61,4.69
75.108,24.518,15.478,7.064,0.136,5.42,3.35,4.7,5.94,4.78
70.745,26.854,20.643,19.755,0.118,4.36,4.59,6.76,5.03,5.52
45.653,27.539,42.782,0.408,0.185,1.0,7.87,7.41,1.26,4.67
54.869,35.219,22.295,22.872,0.419,1.23,5.13,8.7,1.86,4.99
73.904,23.853,20.184,20.672,0.187,4.25,4.57,4.47,5.7,5.14
57.906,21.584,38.373,14.581,0.158,1.06,6.95,3.69,3.82,5.07
46.252,23.668,11.243,20.806,0.394,1.0,2.82,4.46,3.18,3.18
81.855,34.251,19.399,20.045,0.328,5.91,4.08,9.01,5.01,6.45
57.454,21.009,29.787,21.374,0.165,1.16,6.81,2.35,4.72,5.16
50.436,31.087,20.587,17.09,0.303,1.0,4.82,9.19,1.99,5.21
60.563,30.083,31.907,24.25,0.193,1.62,6.4,8.98,2.45,5.7
50.046,27.484,32.068,14.437,0.252,1.0,5.89,7.43,1.89,4.74
48.519,26.946,11.358,17.442,0.31,1.18,3.01,6.64,2.94,3.84
68.077,30.773,11.004,11.888,0.489,4.86,2.6,9.07,4.42,5.78
74.762,21.217,40.292,24.697,0.253,2.84,8.54,2.36,4.56,4.52
55.442,26.457,23.781,0.559,0.16,2.5,3.94,6.4,2.65,4.66
43.047,28.329,11.711,18.436,0.368,1.0,3.43,7.52,2.49,4.14
58.79,22.831,8.438,6.06,0.439,4.24,1.84,3.99,4.38,2.85
55.08,30.492,23.851,16.831,0.429,1.75,5.36,9.04,2.8,5.6
56.786,26.188,42.896,4.408,0.202,1.0,7.93,6.31,2.93,5.47
46.994,21.312,14.23,8.559,0.46,1.3,2.83,3.04,2.67,2.55
73.48,22.562,49.776,17.17,0.154,2.2,9.27,3.53,4.64,5.2
45.111,26.557,5.939,10.221,0.154,1.98,1.97,6.62,2.99,3.68
36.932,33.237,31.709,16.61,0.404,1.0,5.43,9.06,1.0,4.73
70.006,36.005,36.461,16.151,0.386,2.62,7.45,7.14,2.81,5.97
72.125,29.724,28.952,2.856,0.308,4.17,5.46,8.97,4.17,6.04
46.938,20.934,16.662,17.344,0.38,1.0,3.52,2.44,3.69,2.97
43.67,32.14,19.24,6.967,0.214,1.0,4.03,9.37,1.96,4.63
64.027,38.106,29.924,10.619,0.477,1.92,5.72,6.16,2.17,4.48
80.982,21.031,45.291,12.832,0.261,4.3,8.11,2.75,5.29,4.34
47.699,26.954,23.888,9.486,0.409,1.0,4.62,6.87,2.8,3.93
62.0,20.337,20.517,6.597,0.455,3.58,4.11,2.52,5.29,3.67
48.219,31.546,23.017,4.056,0.304,1.37,4.34,9.19,2.22,4.74
72.082,22.086,49.97,15.668,0.101,2.31,9.25,3.1,4.51,5.21
58.355,38.819,16.992,18.88,0.409,2.55,4.02,5.37,2.24,3.75
53.948,28.148,12.712,4.78,0.481,2.79,2.73,7.84,3.91,4.34
67.807,32.427,45.179,15.086,0.19,1.64,9.01,9.25,2.61,6.48
61.571,26.574,10.646,3.283,0.494,3.6,2.11,6.44,4.24,3.93
45.057,26.719,42.775,16.104,0.122,1.0,8.8,6.56,1.75,4.99
55.811,20.231,33.136,7.461,0.392,1.42,6.01,1.98,3.69,3.66
82.825,37.333,48.108,8.962,0.466,4.6,8.71,6.39,3.61,5.44
75.057,25.394,19.3,16.775,0.483,5.04,3.62,5.11,5.4,4.92
60.605,24.967,43.505,11.598,0.114,1.0,8.2,5.01,2.96,5.85
68.023,27.199,8.937,11.237,0.471,5.2,2.04,7.15,5.14,4.97
42.119,23.682,40.205,7.586,0.396,1.0,7.53,4.46,1.69,4.79
55.66,26.247,19.723,20.329,0.441,1.72,3.96,5.89,3.25,3.92
79.741,25.622,25.726,7.593,0.334,5.61,5.13,5.95,6.2,5.79
44.406,39.499,40.868,16.211,0.191,1.0,7.47,4.47,1.0,2.83
84.096,37.526,33.571,1.487,0.362,5.79,5.66,6.3,4.22,5.57
77.406,25.648,25.621,22.761,0.391,4.71,4.5,5.62,5.21,5.64
69.306,36.784,18.167,24.156,0.211,4.32,4.49,7.38,3.15,5.19
53.681,20.763,38.994,4.581,0.31,1.17,7.4,2.59,3.08,5.17
39.604,31.372,25.962,11.032,0.424,1.0,5.09,9.77,1.0,5.37
49.734,37.27,16.009,2.694,0.41,2.08,3.11,6.93,1.45,4.21
72.05,24.338,22.645,10.346,0.247,4.58,4.02,4.59,5.34,5.41
56.081,23.219,40.818,21.704,0.381,1.0,7.82,4.05,3.04,4.93
75.144,35.882,7.638,14.84,0.452,6.2,1.6,8.1,4.79,4.86
45.79,33.066,19.501,3.437,0.442,1.27,3.77,8.85,1.75,3.96
76.187,39.483,37.733,24.238,0.131,3.02,7.5,4.61,2.62,5.41
78.006,23.176,32.57,13.935,0.225,5.11,6.34,3.82,5.65,4.31
71.11,22.969,24.776,1.859,0.204,4.67,4.12,3.59,5.43,4.6
45.201,21.108,12.007,9.141,0.285,1.0,2.15,2.61,3.76,3.04
46.145,26.486,7.142,3.644,0.177,2.73,1.61,6.82,3.21,3.81
38.215,20.955,23.048,22.079,0.166,1.0,5.17,2.6,2.28,2.58
37.565,32.279,35.973,9.789,0.403,1.0,7.02,9.11,1.0,4.43
71.953,21.717,17.054,12.492,0.275,4.71,3.3,2.87,5.93,4.54
59.576,29.085,45.593,21.008,0.2,1.0,9.04,7.83,2.44,5.99
73.076,30.301,32.878,14.192,0.159,2.95,5.89,9.0,3.72,5.99
49.137,21.727,25.486,1.213,0.237,1.27,4.3,2.79,2.96,2.97
52.263,33.838,38.962,1.861,0.423,1.0,7.14,9.86,1.03,5.58
79.735,39.811,18.485,4.34,0.347,6.93,3.1,4.74,3.94,4.59
84.869,27.786,45.228,16.865,0.428,5.15,8.25,7.3,4.84,5.64
40.088,30.336,21.537,15.434,0.418,1.0,4.25,8.56,1.1,3.74
73.963,27.505,5.237,8.942,0.497,6.14,1.76,7.16,5.53,4.98
62.807,39.596,49.035,7.827,0.114,1.49,8.9,4.76,1.04,4.37
35.227,37.01,27.324,2.004,0.382,1.0,5.14,6.67,1.0,3.73
65.828,39.374,45.662,1.742,0.18,2.27,8.13,5.03,1.37,5.43
48.996,27.728,9.906,15.877,0.193,1.55,3.21,7.51,2.83,4.09
52.528,26.327,13.996,19.878,0.132,2.14,3.3,6.34,3.42,4.23
83.464,20.323,26.767,12.557,0.403,5.59,5.51,2.55,6.89,4.73
72.134,21.537,45.294,17.219,0.118,2.37,9.0,2.81,3.81,5.13
37.726,39.126,9.141,11.188,0.326,1.0,2.31,4.93,1.0,1.83
69.049,31.687,29.232,1.359,0.174,4.08,5.24,8.73,3.79,5.77
35.65,28.922,39.115,0.058,0.406,1.0,6.6,7.76,1.0,5.1
79.31,23.157,22.568,20.034,0.23,5.24,4.93,3.69,6.41,5.52
64.834,38.761,25.04,21.678,0.126,2.36,6.0,5.5,2.55,5.06
66.541,20.787,47.019,24.593,0.474,1.0,9.51,2.63,4.34,5.43
35.822,32.972,29.167,7.687,0.194,1.0,6.25,8.7,1.0,4.74
