fat_pct,protein_pct,sugar_pct,starter_pct,stabilizer_pct,sweetness,sourness,body,creaminess,overall_liking
3.309,3.555,3.14,3.018,0.572,2.18,4.8,4.82,4.28,3.17
7.63,4.626,2.964,3.39,0.805,1.74,4.59,7.84,7.76,5.28
5.99,5.619,10.875,1.751,0.76,7.79,2.23,7.94,5.92,6.7
4.99,5.197,2.995,2.875,0.154,2.62,4.59,5.34,5.09,3.79
1.67,5.42,3.263,2.715,0.149,2.53,4.25,3.61,1.93,3.21
1.67,4.976,9.113,3.498,0.268,6.59,5.19,4.24,2.84,4.38
0.936,5.077,5.397,3.718,0.361,3.74,6.17,3.37,2.1,3.17
6.996,5.548,9.321,1.036,0.408,6.49,1.0,6.57,6.83,6.4
5.008,3.749,0.784,3.022,0.68,1.0,4.72,6.13,4.88,3.36
5.811,4.468,5.851,1.156,0.057,4.14,1.29,4.76,5.4,5.17
0.654,3.664,0.403,2.647,0.035,1.0,4.88,1.97,1.0,1.62
7.774,5.963,0.752,1.863,0.392,1.09,2.44,7.77,7.02,4.69
6.743,5.832,10.877,1.92,0.697,7.78,2.0,8.22,6.63,7.26
2.093,3.118,1.671,2.059,0.193,1.09,2.89,3.2,1.85,3.23
1.864,5.117,6.389,2.864,0.642,4.54,4.5,5.05,3.32,4.04
1.876,5.776,4.933,2.002,0.26,3.48,3.39,4.54,3.4,4.49
2.782,3.542,4.168,3.198,0.886,3.39,5.12,5.33,4.78,4.14
4.436,4.704,10.798,2.214,0.896,7.84,2.93,7.58,5.42,6.15
3.74,5.746,0.262,1.205,0.297,1.0,1.5,5.04,4.55,3.52
2.684,3.102,7.965,3.351,0.23,6.28,4.92,3.92,2.91,4.53
5.089,5.092,11.561,1.857,0.411,8.36,1.96,5.93,5.35,5.88
1.546,3.892,6.722,2.298,0.241,5.01,3.66,2.81,2.12,3.66
2.691,5.773,11.242,3.056,0.672,7.82,4.34,6.33,4.11,5.24
3.248,5.913,0.627,1.997,0.826,1.0,3.01,6.76,4.86,3.99
3.921,5.833,5.026,1.17,0.673,3.81,1.0,6.82,4.75,5.5
6.389,4.423,3.122,2.122,0.824,1.94,3.04,7.98,6.57,5.05
1.998,5.586,8.77,3.833,0.397,6.84,6.07,4.8,3.09,4.15
4.357,5.534,11.776,2.925,0.156,8.85,4.46,4.82,4.64,5.75
4.943,3.957,3.078,3.014,0.738,2.28,4.99,6.64,5.04,4.72
0.848,5.487,7.85,2.897,0.36,5.21,4.67,4.03,2.22,3.86
5.057,3.111,2.377,1.597,0.671,2.02,1.69,5.97,5.74,4.48
1.779,4.789,6.784,2.255,0.271,4.86,2.83,3.21,2.96,3.68
0.988,3.69,5.567,3.253,0.081,4.05,4.99,2.59,1.96,2.93
7.617,3.362,11.664,1.304,0.993,8.6,1.0,8.15,7.5,7.63
7.742,3.231,7.302,1.834,0.156,5.65,2.19,5.78,6.4,5.33
6.563,5.089,4.194,1.829,0.988,3.7,2.13,8.8,7.4,6.37
2.785,4.02,1.369,2.296,0.977,1.27,3.76,6.05,4.69,3.96
1.233,5.174,1.815,3.941,0.794,1.02,6.15,5.36,2.5,2.28
5.632,3.196,2.704,1.203,0.659,2.58,1.0,5.76,5.18,4.48
3.801,3.946,3.012,2.556,0.578,2.79,4.15,5.75,4.71,4.04
1.415,4.618,10.207,1.538,0.866,8.16,2.13,5.82,3.13,5.44
4.214,5.372,6.735,3.912,0.289,4.59,6.03,5.4,4.26,4.72
0.758,3.956,6.281,1.34,0.468,4.51,2.15,3.98,1.65,3.78
7.32,4.878,1.377,2.211,0.619,1.0,3.3,7.42,6.86,4.5
2.441,5.658,10.322,3.214,0.411,7.51,4.84,4.74,3.04,4.66
5.469,4.848,8.674,3.114,0.427,6.18,4.37,6.04,6.07,5.31
2.838,3.699,0.812,2.268,0.33,1.29,3.67,4.08,3.21,3.19
4.401,3.073,8.494,2.04,0.564,5.93,3.3,4.96,4.52,5.03
4.6,5.61,6.522,2.193,0.851,4.29,2.3,7.52,5.79,5.92
1.886,3.064,0.981,1.793,0.202,1.0,3.1,2.94,2.52,2.55
7.772,5.624,5.5,1.616,0.934,3.65,1.43,9.05,8.25,7.01
6.313,4.587,5.816,2.449,0.689,4.61,3.34,7.35,6.69,5.93
7.546,5.817,1.989,1.806,0.823,1.15,1.82,9.18,7.49,5.47
7.211,5.396,11.348,1.862,0.556,8.31,1.69,7.63,6.87,7.61
4.984,5.994,10.2,2.97,0.78,6.77,4.3,7.87,6.09,6.13
7.414,4.052,8.028,3.906,0.016,5.89,6.45,4.68,5.87,4.39
1.164,5.302,5.548,2.811,0.818,4.43,4.85,5.45,3.1,4.51
1.97,4.206,4.941,1.231,0.04,3.67,1.42,2.65,2.4,4.09
0.839,4.44,7.812,1.227,0.89,5.25,1.56,4.56,3.05,4.47
2.94,4.883,6.545,3.854,0.992,4.72,6.03,6.35,3.99,4.21
3.415,5.621,0.747,1.892,0.294,1.0,2.32,4.78,4.17,3.51
2.535,5.952,6.15,1.276,0.21,4.57,1.51,4.43,3.21,4.54
6.716,5.305,9.677,2.797,0.765,6.7,3.76,7.96,7.12,6.76
3.176,4.253,5.511,2.871,0.253,4.19,4.03,4.4,3.69,4.14
2.607,4.264,0.623,2.946,0.866,1.0,5.19,5.58,4.46,3.2
4.57,5.213,9.435,1.802,0.103,6.64,2.23,4.29,4.8,5.55
1.557,3.716,2.416,1.045,0.126,1.62,1.31,3.17,2.43,3.01
6.516,3.331,3.103,3.895,0.979,2.69,5.84,7.43,7.13,5.24
1.059,4.064,1.976,1.753,0.674,1.44,3.38,4.23,2.65,2.99
7.902,3.862,3.963,3.028,0.847,2.75,4.29,8.35,7.58,5.66
6.292,3.889,9.081,3.12,0.324,6.38,4.22,5.64,5.93,5.32
1.99,3.701,6.233,2.83,0.676,4.52,4.41,4.87,3.37,4.01
0.541,3.126,2.459,1.939,0.594,1.72,3.31,3.46,1.8,2.64
6.616,3.054,10.534,1.813,0.603,7.53,1.59,6.02,6.27,6.62
5.801,5.963,10.555,2.793,0.683,7.53,3.0,8.26,6.27,6.34
5.968,4.283,10.447,3.598,0.575,7.82,5.67,6.54,5.64,5.43
6.285,4.153,2.866,3.84,0.429,2.16,5.87,6.02,6.26,4.87
1.055,5.039,5.415,1.318,0.276,3.82,2.06,3.96,2.18,3.97
3.188,3.655,11.82,1.464,0.769,9.08,1.55,5.47,4.73,5.37
1.369,5.85,9.264,3.834,0.226,6.13,6.01,4.2,1.98,3.51
6.973,5.359,0.326,3.21,0.692,1.0,4.66,8.67,6.82,4.14
5.175,3.268,0.782,3.649,0.233,1.04,5.27,4.39,4.64,2.94
2.982,4.253,5.567,1.608,0.625,3.84,2.85,5.07,4.22,3.41
0.977,5.637,10.911,2.763,0.747,7.59,3.91,5.22,3.05,4.84
2.832,5.834,6.464,3.103,0.219,4.43,4.53,5.01,3.57,3.73
2.939,4.402,5.974,3.04,0.06,4.25,4.6,3.1,2.69,3.34
5.972,4.84,1.266,2.224,0.131,1.66,3.43,4.66,5.0,3.33
5.282,3.501,7.881,1.046,0.606,6.02,1.0,5.68,5.4,5.7
7.154,5.974,9.865,2.749,0.849,7.52,3.01,8.39,7.07,6.67
4.042,3.695,4.565,1.759,0.045,2.97,2.71,3.48,3.48,4.03
1.397,5.828,9.307,2.351,0.734,6.24,3.78,5.61,3.4,5.17
5.849,4.949,11.574,3.873,0.341,7.54,5.68,5.7,5.3,5.52
6.206,4.823,2.445,2.197,0.479,1.78,3.12,6.11,6.51,4.53
4.71,4.538,6.28,3.519,0.929,4.92,6.03,7.15,5.96,5.7
6.282,3.692,3.446,1.566,0.332,2.88,2.36,5.76,5.16,4.13
4.203,3.53,9.514,3.017,0.465,6.8,4.12,4.39,4.07,4.28
4.42,3.661,6.931,3.931,0.014,5.07,6.55,3.89,3.16,3.52
3.707,3.559,7.615,1.306,0.082,5.31,1.53,3.76,3.19,5.01
0.691,5.339,9.575,1.025,0.259,6.8,1.41,3.91,2.17,4.45
1.309,4.05,4.752,2.301,0.028,3.62,3.2,2.99,1.64,3.03
0.736,3.174,10.981,1.278,0.631,7.24,1.59,4.19,2.24,4.24
5.273,5.907,6.396,3.245,0.426,4.83,4.49,6.36,5.06,5.17
2.858,5.651,1.895,3.744,0.548,1.75,6.46,5.61,4.19,3.7
4.314,5.783,8.351,2.302,0.175,5.94,3.4,5.04,4.27,5.04
7.307,5.985,9.519,1.776,0.296,7.24,1.0,6.98,6.76,6.41
2.37,3.522,3.801,2.303,0.664,3.62,3.59,5.06,3.33,3.75
3.578,4.189,10.286,3.17,0.965,7.35,4.99,6.05,4.41,4.82
6.167,5.275,10.874,1.027,0.05,8.04,1.0,5.02,5.1,6.02
2.216,5.088,3.323,2.768,0.89,2.22,4.7,6.37,4.19,3.66
1.077,3.462,11.802,2.84,0.577,8.37,4.47,4.0,2.43,4.18
2.673,5.447,1.689,2.913,0.564,1.45,4.86,5.32,4.12,3.37
1.709,3.673,2.424,1.726,0.5,1.84,2.65,4.16,2.78,3.15
7.473,3.671,2.211,3.142,0.069,1.62,4.06,5.18,6.11,3.96
6.561,4.611,10.728,1.274,0.09,7.9,1.0,5.69,5.13,6.26
5.251,4.779,7.852,1.598,0.601,6.2,1.91,6.49,5.45,5.77
7.036,4.74,1.825,3.632,0.341,1.76,5.4,6.7,6.38,4.32
6.528,3.274,5.284,3.216,0.917,4.31,4.5,8.23,7.19,5.81
1.899,5.632,7.384,1.041,0.407,5.19,1.09,4.89,3.27,4.38
7.194,3.797,1.002,1.745,0.143,1.29,1.92,5.3,6.47,4.51
4.545,3.389,10.589,1.643,0.715,7.72,2.06,6.0,5.11,5.95
6.556,5.666,9.643,1.812,0.293,6.79,1.7,6.37,5.95,5.57
7.221,5.867,6.062,1.743,0.525,4.7,1.35,8.42,7.05,6.64
2.885,5.586,11.606,1.188,0.698,7.97,1.35,6.05,4.25,5.6
1.325,5.429,5.013,2.377,0.9,3.39,3.77,5.59,3.08,3.98
2.21,4.966,11.809,3.198,0.792,8.43,4.84,5.36,3.61,5.47
3.703,4.653,8.015,2.82,0.676,5.88,4.6,6.2,4.48,5.23
6.635,3.261,7.616,3.019,0.68,5.31,4.05,6.92,6.8,5.66
6.955,4.225,1.991,1.243,0.946,2.06,1.18,8.1,6.51,5.38
0.552,4.118,10.583,3.854,0.296,7.61,5.97,3.22,2.02,4.1
4.331,3.779,5.13,3.515,0.001,3.6,5.36,3.17,3.51,3.47
3.631,5.17,1.947,3.415,0.272,1.08,5.69,4.92,3.57,2.86
2.166,4.488,0.151,3.469,0.218,1.0,5.45,3.86,3.09,2.23
1.399,3.243,6.717,3.798,0.662,4.64,6.35,4.49,2.84,2.92
3.032,3.661,6.329,2.633,0.634,4.62,4.0,4.68,4.18,4.32
7.572,5.05,8.632,1.601,0.593,6.31,1.33,7.33,7.44,6.55
2.924,3.228,10.683,2.85,0.016,7.02,4.47,2.56,3.33,4.4
4.391,5.554,0.953,3.229,0.729,1.0,5.21,6.43,5.45,3.99
5.773,4.485,8.778,3.214,0.324,6.34,4.92,6.04,5.38,5.6
3.227,4.442,2.249,2.564,0.665,1.93,3.72,5.96,4.25,3.77
7.788,4.777,10.298,1.205,0.557,7.39,1.0,7.64,7.62,7.42
7.718,5.474,9.829,2.113,0.343,7.77,2.18,7.44,6.78,6.51
2.388,4.043,6.49,3.762,0.135,4.09,5.77,3.4,2.49,3.36
4.229,5.034,8.523,2.753,0.094,6.57,4.18,4.48,4.02,4.2
2.757,4.697,3.772,2.615,0.832,2.71,4.8,5.77,3.48,3.84
2.636,3.801,5.654,1.807,0.918,4.35,2.57,5.52,4.02,3.99
0.777,5.636,9.86,2.105,0.65,6.96,3.33,4.36,2.08,4.27
5.072,5.392,5.511,3.686,0.103,4.45,5.62,5.14,4.8,4.39
4.27,4.975,4.294,2.999,0.402,3.1,4.33,5.45,4.85,4.04
0.886,5.552,5.931,3.362,0.729,3.87,5.08,5.27,2.68,3.38
2.59,5.602,9.939,2.363,0.78,7.51,3.16,6.12,4.61,5.84
7.312,5.125,4.022,2.891,0.118,3.15,3.49,5.86,5.88,4.67
2.297,5.511,2.085,1.745,0.0,1.64,3.2,3.41,3.07,2.9
1.587,5.092,8.544,3.116,0.712,6.43,4.91,5.15,3.4,4.52
4.171,5.04,9.912,2.283,0.357,6.84,2.88,5.52,3.95,5.94
7.892,4.856,1.208,2.328,0.254,1.42,3.21,6.18,7.69,5.19
2.315,5.258,2.878,2.948,0.013,1.95,4.48,3.62,2.67,3.24
5.541,3.476,1.704,3.809,0.54,1.43,5.71,5.82,5.12,3.87
6.212,5.643,4.175,1.192,0.851,3.25,1.03,8.01,6.33,5.8
2.282,5.616,5.404,3.474,0.958,3.45,5.95,6.27,4.09,3.34
5.962,3.088,8.986,1.877,0.566,6.35,2.19,5.92,5.6,5.44
3.258,5.477,7.814,2.332,0.514,6.04,3.39,5.24,4.18,4.71
5.242,3.387,7.451,1.066,0.085,5.74,1.0,4.17,4.39,4.4
5.251,4.005,4.228,1.903,0.549,3.2,2.55,5.64,5.49,4.35
4.518,5.231,10.097,2.508,0.38,7.37,3.39,5.95,4.66,4.89
1.177,3.482,5.655,1.169,0.607,3.93,1.34,4.54,1.85,3.87
6.765,5.454,11.749,2.473,0.389,8.97,2.86,6.54,6.36,6.78
2.906,5.496,7.61,3.781,0.24,5.41,5.67,4.78,2.78,4.22
1.899,4.522,1.515,1.316,0.095,1.23,2.03,3.07,2.48,3.01
0.806,3.019,8.114,3.293,0.315,6.06,5.26,2.97,1.35,3.02
4.932,3.861,3.901,2.229,0.097,2.74,3.84,3.84,4.42,3.09
5.582,4.851,8.236,2.966,0.177,6.51,4.08,5.39,5.54,4.72
0.624,5.944,0.836,1.781,0.987,1.0,2.65,5.52,2.82,2.85
4.341,4.895,2.099,1.478,0.444,2.17,1.86,5.52,5.0,4.13
2.199,3.779,10.269,1.481,0.532,7.19,1.98,3.96,2.96,4.68
5.339,4.902,2.726,1.211,0.874,2.1,1.75,7.72,6.55,5.03
1.808,4.62,10.044,1.557,0.996,6.55,1.85,5.54,3.57,5.24
5.682,5.34,3.351,2.993,0.583,2.49,3.89,7.06,5.67,4.65
3.401,3.321,7.715,3.645,0.812,5.26,5.91,5.36,4.47,4.39
7.525,5.283,8.33,3.442,0.327,6.02,4.24,6.8,6.68,6.08
1.531,4.624,6.152,3.055,0.306,4.34,4.83,3.8,2.2,3.01
3.058,5.889,3.664,1.331,0.403,3.0,1.68,5.13,3.78,4.35
1.351,4.026,2.552,1.868,0.673,1.92,3.01,4.43,2.75,3.32
7.435,4.898,0.398,1.929,0.682,1.0,2.54,8.35,7.61,5.19
7.08,5.796,3.647,1.75,0.315,2.58,1.7,6.62,6.01,5.31
2.435,3.308,7.838,2.545,0.133,5.34,3.74,3.36,2.57,4.02
5.45,5.812,11.26,2.607,0.632,8.69,3.31,7.63,6.11,6.33
6.629,5.064,10.454,2.071,0.128,7.43,2.25,5.39,5.9,5.79
4.664,3.204,9.193,2.061,0.578,7.17,2.58,4.88,5.17,5.5
4.472,3.903,9.461,3.486,0.693,6.77,5.26,6.03,4.93,5.06
2.314,5.125,7.98,3.368,0.701,5.7,5.57,5.32,3.64,4.51
1.198,3.202,3.123,1.923,0.753,2.57,3.24,4.66,2.79,3.6
7.229,4.747,10.886,3.741,0.873,8.36,5.24,8.4,7.35,7.29
7.253,4.038,8.049,3.858,0.5,5.96,4.98,6.47,6.52,5.03
5.248,4.863,6.725,1.98,0.73,4.85,2.46,6.59,5.9,5.43
3.043,3.137,1.332,2.063,0.619,1.07,3.33,4.94,3.49,3.1
3.119,5.615,5.365,2.517,0.187,4.01,4.01,4.44,3.4,4.04
5.945,5.92,5.524,3.823,0.026,4.43,5.51,5.44,5.23,3.96
7.228,5.907,10.375,3.629,0.285,7.63,4.73,7.15,7.07,6.36
7.153,5.249,6.56,1.308,0.443,5.14,1.0,6.92,5.76,5.65
6.349,3.39,4.565,2.178,0.617,4.0,2.9,6.35,6.17,4.98
5.315,5.275,11.722,2.66,0.85,8.59,3.72,7.56,6.06,6.06
1.131,3.074,1.329,2.509,0.196,1.08,4.16,2.72,1.2,1.99
1.712,3.066,5.071,1.582,0.126,3.18,2.61,2.74,2.09,3.44
7.239,3.971,0.504,3.576,0.963,1.0,5.36,8.27,7.45,4.6
5.048,4.466,8.879,3.031,0.108,6.58,4.22,4.62,4.77,5.05
0.569,5.311,11.017,3.514,0.478,7.71,5.63,4.01,1.38,4.43
1.261,5.05,3.36,3.576,0.586,2.26,6.3,4.16,3.18,3.03
5.476,4.338,10.3,3.245,0.541,7.56,4.6,6.23,5.29,5.41
0.538,3.821,3.507,2.318,0.086,2.46,4.6,2.92,1.48,2.66
1.706,5.991,10.929,2.832,0.057,8.07,4.04,3.57,2.7,4.32
4.616,4.279,9.048,1.481,0.105,6.59,1.68,4.09,3.98,4.76
5.689,4.354,9.659,3.021,0.586,6.82,3.94,6.16,5.93,5.18
5.39,3.491,0.216,1.538,0.544,1.0,1.69,5.92,5.17,4.48
2.182,5.384,11.554,3.082,0.234,8.13,4.64,4.36,2.33,4.39
5.841,5.081,8.72,1.689,0.638,6.55,1.77,6.98,6.41,6.28
2.279,3.662,3.657,1.353,0.82,2.53,2.79,4.8,3.33,3.43
2.94,3.247,9.953,1.496,0.042,6.92,1.7,2.95,2.51,4.47
6.099,5.041,3.378,1.006,0.498,2.69,1.0,6.19,5.9,4.91
5.372,4.964,10.473,3.156,0.689,7.6,4.43,6.95,5.87,5.9
6.869,3.82,1.351,3.197,0.252,1.43,4.03,5.81,5.93,4.45
5.432,5.853,8.444,2.545,0.308,6.1,3.32,5.74,5.6,5.6
4.762,3.453,6.488,1.484,0.614,4.23,1.64,5.14,4.54,4.73
1.203,4.297,1.158,1.251,0.898,1.0,2.25,5.51,2.83,2.9
3.258,5.831,2.903,1.057,0.81,2.43,1.56,6.46,4.63,5.54
2.489,4.259,0.149,1.497,0.583,1.0,2.16,5.14,4.04,4.03
2.33,4.916,5.625,3.673,0.73,3.98,5.93,5.42,3.68,4.1
7.798,4.193,3.615,1.725,0.365,3.22,1.52,6.51,7.17,5.27
3.448,3.823,7.18,2.063,0.641,4.99,2.5,5.36,4.15,4.71
7.19,5.952,3.567,1.316,0.466,2.39,1.2,7.26,6.78,5.26
5.234,4.228,3.599,1.667,0.19,2.73,1.65,4.87,4.72,4.71
6.461,5.682,8.918,2.558,0.702,6.42,3.06,7.75,6.66,6.33
4.27,3.69,0.578,2.823,0.556,1.0,4.11,4.9,4.74,3.14
4.827,3.639,10.835,1.736,0.359,7.77,2.02,5.01,5.06,5.51
4.194,3.093,10.227,1.173,0.911,7.52,1.51,6.0,5.03,6.25
1.964,4.955,8.014,2.173,0.021,5.7,2.83,3.27,2.75,4.49
5.918,4.106,7.119,1.703,0.316,5.37,1.27,5.13,5.15,5.68
2.606,5.593,10.708,1.659,0.057,8.17,2.02,4.48,2.9,5.31
0.682,4.42,2.224,3.88,0.767,1.49,6.77,4.74,2.29,2.54
5.341,5.905,0.948,2.849,0.702,1.01,4.35,7.7,6.07,3.57
1.828,3.557,2.874,2.671,0.331,1.95,4.26,3.34,2.38,2.87
7.553,5.606,9.535,2.247,0.676,6.8,2.38,7.76,7.64,6.69
7.654,5.33,0.416,2.287,0.396,1.0,3.06,7.76,6.74,4.83
7.361,5.313,6.994,2.623,0.756,5.12,3.58,8.31,7.36,6.18
3.276,5.534,11.945,3.089,0.454,8.63,3.89,5.21,4.29,5.05
0.616,5.283,10.268,3.106,0.412,7.92,4.88,4.08,1.49,4.31
7.462,4.879,6.257,1.515,0.935,4.54,1.36,9.16,8.24,6.97
3.711,3.394,0.764,2.5,0.251,1.0,3.63,3.94,3.57,3.19
7.75,3.098,9.976,2.236,0.12,7.35,2.88,5.47,5.62,5.96
7.727,5.763,7.188,3.612,0.585,5.54,4.79,8.44,7.49,6.33
6.898,4.85,1.379,2.894,0.969,1.39,4.09,8.29,7.26,5.0
2.708,5.39,1.126,2.598,0.378,1.31,4.38,4.67,3.52,3.2
3.388,4.445,10.916,1.346,0.062,7.08,1.19,4.05,3.65,5.04
6.884,3.352,8.03,2.817,0.339,5.25,3.08,4.81,6.22,5.14
2.877,3.376,9.951,1.352,0.506,6.96,1.38,4.28,3.54,5.29
1.771,5.057,10.548,2.012,0.162,7.8,3.14,3.26,2.63,4.64
4.676,4.291,6.861,1.429,0.658,4.57,1.43,5.98,5.09,5.82
7.521,3.602,6.209,3.076,0.998,3.82,3.84,8.34,8.01,6.63
5.72,4.475,5.165,1.619,0.452,4.07,2.08,5.93,5.13,5.0
4.775,3.193,3.803,2.176,0.355,2.97,2.91,4.48,4.56,2.92
1.229,4.746,5.215,3.687,0.401,3.38,6.04,3.61,2.43,3.32
5.113,3.807,9.287,1.613,0.115,6.46,1.72,5.01,4.76,5.14
7.925,5.393,7.223,2.523,0.883,5.16,3.22,9.68,7.7,6.41
1.551,3.931,10.71,2.258,0.415,7.61,4.01,3.37,1.97,4.02
4.387,4.366,5.321,1.054,0.387,3.76,1.22,5.64,4.57,4.67
7.08,3.035,7.285,3.378,0.66,5.6,5.0,6.58,6.64,5.64
6.056,3.217,7.576,1.207,0.442,4.75,1.0,5.58,5.99,5.0
5.728,4.177,7.1,2.423,0.648,5.0,2.84,6.54,5.44,4.99
5.769,4.44,8.432,2.682,0.061,5.85,3.56,4.54,5.36,5.01
3.196,4.8,2.849,2.885,0.814,2.08,4.6,6.4,5.13,4.4
2.702,3.875,6.148,3.066,0.941,4.28,4.48,5.79,3.96,4.53
6.57,5.085,1.251,1.76,0.649,1.44,2.07,7.29,6.2,4.69
6.576,5.58,4.614,1.03,0.955,3.0,1.0,8.36,7.03,5.69
7.003,5.34,5.852,3.17,0.151,4.46,4.47,5.74,6.2,4.78
7.349,3.119,7.827,2.607,0.477,6.01,3.35,5.73,6.65,5.67
4.335,4.442,11.406,3.508,0.602,8.76,5.18,5.85,4.65,5.98
4.261,3.315,7.208,3.464,0.582,5.11,5.08,4.83,4.99,3.86
6.487,3.726,8.923,3.53,0.401,6.67,4.78,5.77,5.55,5.22
5.375,5.96,6.075,2.455,0.338,3.98,2.95,6.66,4.94,4.55
5.765,3.427,7.609,2.001,0.127,4.9,2.89,4.81,5.24,4.31
6.468,4.497,0.851,3.375,0.392,1.17,5.07,6.19,5.33,4.2
7.175,4.854,3.053,2.354,0.163,2.49,2.94,5.85,6.18,4.85
3.035,5.107,4.342,1.55,0.734,3.54,1.84,6.5,5.18,5.17
3.317,4.679,5.67,3.565,0.209,3.72,6.52,4.45,3.57,3.73
1.205,3.029,0.548,3.648,0.059,1.0,6.04,2.06,1.2,1.41
4.837,3.979,1.68,2.399,0.552,1.98,3.38,5.28,4.99,3.93
0.77,4.553,3.322,1.227,0.595,2.49,2.05,4.26,2.33,4.12
3.992,3.264,11.658,2.163,0.872,8.44,2.89,6.18,4.8,5.85
4.57,4.052,3.976,3.411,0.577,3.01,5.54,5.5,5.07,4.29
2.649,3.1,5.784,3.705,0.345,3.71,6.53,3.7,2.68,3.05
4.931,3.236,2.353,1.61,0.803,2.3,2.19,6.08,5.81,4.16
0.729,4.191,7.329,1.201,0.54,4.98,1.37,3.74,2.23,3.42
0.78,3.398,3.368,3.632,0.079,2.55,6.18,1.47,1.56,1.8
6.67,4.703,2.484,2.168,0.566,1.6,2.87,6.93,6.27,5.09
3.201,5.068,6.199,2.625,0.908,4.15,4.56,6.81,5.0,5.04
1.453,5.402,0.066,3.904,0.396,1.0,6.39,4.17,2.61,2.65
4.417,3.6,0.092,1.2,0.296,1.0,1.85,4.52,4.34,3.19
6.275,3.502,2.629,2.945,0.143,2.59,4.28,4.53,5.03,4.38
2.119,3.314,0.441,1.222,0.151,1.0,2.11,3.04,2.07,2.27
5.172,4.909,1.296,2.126,0.433,1.0,2.96,5.88,5.46,4.11
1.14,5.119,4.066,3.411,0.596,3.17,5.51,4.33,2.58,3.19
0.888,3.095,9.631,2.3,0.081,6.61,3.75,2.51,1.11,3.44
4.485,5.809,6.865,3.992,0.94,5.24,6.37,7.96,5.52,5.63
4.555,3.156,6.152,2.677,0.755,4.54,4.12,5.62,5.16,4.5
5.281,4.624,3.522,1.963,0.587,2.27,2.56,6.5,5.31,4.23
5.946,5.127,11.181,1.66,0.828,8.17,1.36,7.91,6.39,6.92
7.819,5.613,4.764,2.052,0.08,4.38,1.81,6.42,6.72,5.49
4.372,5.142,1.045,2.118,0.477,1.1,3.35,5.32,4.23,4.67
2.922,5.405,7.405,1.206,0.63,5.31,1.49,6.02,3.63,5.22
6.464,4.018,1.366,2.109,0.829,1.6,2.47,7.3,6.67,4.9
2.531,5.444,4.143,2.393,0.783,3.09,3.56,5.88,3.81,3.85
3.792,3.24,6.089,3.168,0.277,4.51,4.69,4.78,4.04,3.56
1.088,5.684,10.491,2.97,0.941,7.07,4.21,5.87,3.6,4.7
0.69,4.643,5.923,3.126,0.124,4.25,4.98,2.81,1.81,3.0
7.72,5.452,8.427,1.025,0.875,6.6,1.0,8.35,8.35,7.76
6.77,4.357,11.914,1.653,0.971,8.43,1.24,8.72,7.04,7.7
5.72,4.931,1.578,2.985,0.177,1.82,4.21,4.94,5.45,3.99
3.567,4.579,3.297,2.452,0.722,2.46,3.23,5.61,4.32,4.02
1.8,5.195,4.735,1.016,0.04,3.14,1.93,3.33,3.09,3.68
1.673,3.245,5.062,3.413,0.405,3.93,6.02,3.83,3.02,3.14
2.377,3.181,4.932,3.318,0.516,3.49,5.14,4.25,3.08,3.95
4.619,3.741,10.891,2.645,0.581,8.08,3.61,5.52,4.97,5.55
5.859,3.479,8.568,1.199,0.936,6.2,1.0,7.34,6.61,6.37
5.451,5.615,7.295,3.3,0.672,5.36,5.11,7.04,5.9,4.64
2.6,3.658,3.712,2.751,0.481,2.88,4.13,4.3,3.08,3.39
7.661,5.928,9.885,3.346,0.81,7.39,4.71,9.01,8.03,7.15
6.034,4.011,11.461,3.255,0.951,7.73,4.22,7.95,6.48,6.08
4.658,3.546,9.854,3.409,0.022,6.79,4.54,4.0,4.06,4.31
5.088,5.369,0.019,2.554,0.983,1.0,4.05,8.07,5.86,4.75
3.647,4.976,7.637,1.421,0.086,5.49,2.02,4.1,3.16,3.94
2.358,4.495,0.614,3.013,0.814,1.0,5.82,5.74,3.84,3.44
3.17,4.666,3.091,2.861,0.28,1.91,4.16,4.41,3.84,3.26
6.184,5.158,0.714,3.227,0.132,1.0,5.05,5.18,5.49,3.41
0.608,3.685,7.246,1.51,0.44,4.5,2.14,3.1,2.25,3.31
1.371,5.989,8.239,1.585,0.644,5.81,2.47,5.31,2.91,4.75
0.845,5.924,1.374,3.671,0.381,1.0,5.97,4.57,2.03,3.2
0.805,4.951,4.606,3.25,0.055,2.97,5.12,2.89,1.62,2.84
6.916,3.599,5.475,3.725,0.599,4.16,5.16,6.32,6.44,4.7
5.777,5.041,4.429,3.276,0.902,3.5,4.83,7.89,6.64,5.62
4.056,3.217,1.452,2.791,0.383,1.85,4.15,4.46,3.83,3.31
1.234,3.092,5.027,2.962,0.216,3.13,5.09,2.68,2.22,3.15
4.187,3.773,9.014,3.667,0.443,6.87,5.83,5.22,4.94,5.12
4.051,4.388,0.852,2.736,0.048,1.09,4.46,4.27,3.77,2.23
1.799,5.605,0.962,2.897,0.82,1.0,5.38,5.62,3.99,2.92
3.754,5.182,4.257,1.469,0.826,3.23,1.99,6.44,4.59,5.05
3.489,5.228,11.301,2.422,0.588,7.95,2.91,5.48,4.69,5.64
5.119,4.276,8.023,3.149,0.353,5.93,4.91,5.55,5.28,4.65
5.263,4.038,8.144,1.813,0.8,6.42,1.88,7.19,5.95,5.92
0.84,4.113,4.343,1.607,0.555,3.26,2.82,3.75,2.24,2.82
3.31,5.963,7.124,1.941,0.826,5.3,3.11,6.71,3.86,4.97
5.194,3.12,0.122,1.725,0.631,1.0,2.46,6.15,5.01,4.64
4.274,5.601,7.633,1.645,0.784,5.11,1.49,7.13,5.1,5.85
6.924,4.736,10.959,2.275,0.599,7.96,2.23,7.39,6.4,7.26
5.44,4.316,7.351,3.724,0.414,5.78,5.92,5.35,5.33,4.99
1.722,5.176,10.484,2.521,0.958,6.97,3.7,6.12,3.55,5.41
1.029,4.46,8.688,1.564,0.541,5.82,2.25,3.8,2.18,4.7
5.318,5.62,1.447,1.231,0.605,1.32,1.57,6.59,5.44,4.71
0.699,5.702,10.829,3.088,0.22,7.32,5.12,3.6,1.75,3.84
4.893,4.265,0.797,2.148,0.626,1.0,3.18,5.94,5.55,4.35
7.552,3.83,6.408,3.465,0.572,4.74,4.72,6.95,6.71,5.83
4.816,4.777,1.706,2.979,0.185,1.03,4.46,4.48,4.45,3.18
3.411,5.737,0.14,3.389,0.06,1.0,5.84,4.7,3.49,2.45
5.325,3.632,5.064,1.816,0.604,4.02,2.38,6.28,5.46,5.12
3.937,4.869,3.54,3.077,0.764,2.28,4.69,5.79,5.01,4.32
4.592,4.895,5.832,1.792,0.523,3.83,2.57,6.25,4.07,4.89
7.561,5.199,6.926,3.817,0.227,5.04,5.35,6.21,6.98,4.83
3.396,3.395,0.525,2.909,0.667,1.0,4.45,5.32,4.49,4.05
7.709,5.147,1.476,1.974,0.08,1.36,2.09,5.93,6.23,4.37
7.29,5.727,6.704,1.809,0.442,4.92,1.53,7.38,6.62,5.92
1.968,3.539,4.118,1.573,0.163,2.99,2.25,2.96,2.2,2.93
1.02,3.713,8.75,3.084,0.184,5.65,5.33,3.12,1.51,4.08
1.256,5.914,7.827,1.656,0.202,5.69,2.16,3.63,2.43,4.19
0.637,3.543,10.147,2.786,0.387,7.25,4.47,3.21,1.15,3.48
1.208,5.563,8.31,1.794,0.051,5.75,2.44,3.73,1.7,4.19
5.623,4.477,5.159,2.986,0.398,4.19,4.2,6.03,5.89,5.13
1.034,3.742,8.076,3.445,0.512,5.37,5.19,4.34,1.96,3.58
2.892,5.612,3.305,3.334,0.483,2.8,5.34,5.22,4.25,4.02
6.837,4.336,3.676,3.283,0.383,2.96,4.64,6.54,6.33,4.51
0.675,4.544,9.468,1.563,0.839,6.56,2.4,4.69,2.1,4.33
6.609,4.078,5.357,1.265,0.145,4.07,1.09,5.56,5.85,4.61
2.614,4.779,9.581,3.097,0.506,6.8,4.34,4.9,3.51,4.25
1.386,3.491,9.869,2.105,0.062,7.34,3.41,2.35,1.62,4.36
5.726,4.173,10.291,2.297,0.071,7.17,2.82,5.01,5.02,5.87
5.217,5.908,11.0,1.093,0.574,7.73,1.0,6.78,5.84,6.5
7.081,3.774,5.172,1.779,0.566,4.29,1.88,6.31,6.77,6.06
6.013,4.97,3.826,1.101,0.878,2.8,1.0,7.72,6.87,5.69
6.526,3.976,6.986,3.638,0.558,5.49,5.28,6.72,6.32,5.27
2.615,5.32,4.454,1.73,0.96,3.76,2.64,6.9,3.92,4.77
1.831,3.393,7.213,2.672,0.049,5.02,3.65,2.6,1.89,3.29
6.13,5.909,8.467,1.117,0.098,6.44,1.0,6.14,6.5,6.13
6.551,4.361,8.261,3.001,0.044,5.76,3.93,4.55,5.74,5.27
7.929,3.708,4.495,1.969,0.185,3.77,2.21,5.58,7.28,5.37
3.595,3.22,2.002,3.694,0.541,1.64,6.37,4.61,4.39,3.42
3.29,3.509,5.166,3.664,0.646,3.92,5.61,4.97,4.05,4.2
6.323,4.559,1.711,1.976,0.046,1.32,2.37,4.99,5.5,4.21
3.056,4.011,10.681,3.703,0.946,7.13,5.52,6.23,4.35,4.81
7.481,5.487,4.151,3.988,0.842,3.43,5.61,8.65,7.08,5.04
6.938,4.293,1.854,3.476,0.297,1.03,5.02,6.01,6.17,4.09
3.717,3.746,0.305,3.535,0.077,1.0,6.02,3.58,3.83,2.47
6.132,4.851,7.75,1.747,0.17,6.01,1.52,5.18,5.34,5.43
6.159,5.12,7.643,2.73,0.127,5.72,3.74,5.42,5.65,5.13
1.273,3.501,4.087,1.202,0.123,3.51,1.26,2.55,2.03,4.11
7.269,3.503,0.861,1.285,0.519,1.27,1.01,6.47,6.29,4.46
4.289,3.11,4.916,3.997,0.246,3.46,6.21,4.05,3.86,2.81
6.698,5.209,3.735,1.98,0.358,2.96,2.87,6.56,5.96,5.04
2.9,4.991,8.125,3.245,0.99,5.82,4.92,6.43,4.27,4.78
7.216,4.424,7.269,3.42,0.684,4.97,4.05,7.93,6.58,5.86
3.419,5.533,4.375,3.574,0.949,2.95,5.1,6.64,4.65,4.47
0.581,5.417,2.615,3.993,0.143,1.69,6.98,3.09,2.13,2.57
7.29,4.756,11.856,1.724,0.382,8.05,1.6,7.5,6.35,6.28
1.185,5.605,5.448,1.121,0.555,3.89,1.68,4.45,2.82,3.87
2.895,3.618,8.259,2.234,0.077,5.85,3.22,2.79,2.71,3.98
7.625,3.336,1.687,1.39,0.004,1.06,1.62,4.95,6.36,4.58
7.63,3.809,5.827,1.067,0.67,4.58,1.0,6.78,7.5,6.82
4.801,3.171,0.33,2.081,0.642,1.0,3.28,5.5,5.22,4.15
5.239,4.594,6.065,3.351,0.411,4.58,4.45,6.39,5.29,4.88
3.863,5.81,11.568,2.699,0.49,8.19,3.43,5.49,4.53,5.27
2.699,3.118,4.61,1.938,0.415,3.54,2.31,3.25,2.78,3.38
2.965,3.366,0.468,2.963,0.024,1.0,4.78,2.49,3.37,2.24
5.544,4.357,0.371,1.696,0.335,1.0,2.19,5.78,5.03,4.23
6.143,5.802,4.656,1.043,0.177,3.32,1.0,6.3,5.93,5.35
6.437,3.948,1.92,3.293,0.098,1.75,4.88,4.74,5.76,3.43
6.422,4.522,0.28,2.871,0.957,1.0,3.91,8.35,6.67,4.76
1.184,3.125,9.075,3.287,0.599,6.23,5.23,4.06,2.66,4.22
4.208,3.445,5.502,1.117,0.729,4.69,1.0,6.22,4.96,5.48
0.932,5.96,3.471,3.511,0.315,2.32,6.42,4.11,2.84,3.02
4.621,5.895,10.801,2.859,0.393,7.8,3.82,5.36,4.86,5.55
3.811,3.015,1.394,2.69,0.237,1.0,4.05,3.51,3.24,3.31
7.158,5.855,11.471,2.874,0.097,8.45,4.0,6.01,6.18,6.13
3.132,4.917,3.768,3.593,0.179,2.27,5.44,4.17,3.51,3.05
1.378,5.604,10.661,2.761,0.798,7.37,3.89,5.46,3.3,4.67
1.572,4.364,7.235,2.743,0.678,4.82,4.01,5.0,2.87,4.15
6.211,4.547,9.92,3.972,0.547,7.3,5.7,7.02,5.5,4.87
5.137,4.467,11.808,3.27,0.475,8.82,4.65,5.79,5.34,5.73
1.258,5.001,3.461,2.327,0.922,2.68,4.05,5.81,3.86,3.92
1.131,3.419,11.534,3.122,0.073,7.42,5.65,2.46,1.72,3.15
5.757,3.09,4.674,2.168,0.281,4.17,2.13,4.81,5.25,4.46
1.046,3.924,4.626,1.687,0.35,3.38,2.83,3.58,2.21,3.61
6.664,5.114,4.085,2.791,0.782,2.96,3.65,7.98,6.98,5.5
5.797,3.606,6.497,3.785,0.993,4.88,5.44,8.08,6.55,5.59
1.11,5.02,1.85,3.787,0.241,1.4,6.37,3.16,2.26,2.34
1.136,5.91,6.645,2.026,0.874,4.51,2.87,5.59,3.2,4.42
7.9,3.282,6.5,2.583,0.831,5.0,3.64,7.82,7.19,6.33
3.307,5.018,9.143,1.635,0.225,6.38,2.24,4.64,3.58,4.85
3.28,4.331,10.004,3.987,0.399,7.05,6.19,5.05,3.86,4.12
6.596,5.604,5.285,3.943,0.41,3.82,6.25,6.86,6.26,5.29
7.604,3.531,3.628,2.949,0.978,2.49,3.53,7.94,7.59,5.59
7.895,5.078,3.112,3.413,0.181,2.62,4.4,6.62,6.95,4.71
6.15,5.514,2.335,3.145,0.799,2.12,3.97,8.18,6.86,4.82
3.322,5.834,0.692,2.779,0.334,1.0,4.26,4.67,4.38,3.44
1.126,5.05,4.109,1.16,0.731,3.18,1.76,4.92,2.92,3.96
6.329,4.492,3.243,2.364,0.42,2.68,3.18,5.75,5.57,5.0
4.688,4.854,11.597,3.024,0.578,8.19,4.21,5.96,5.02,5.56
3.682,5.607,6.693,3.033,0.833,5.12,4.15,6.55,4.96,4.78
7.298,4.712,4.167,2.119,0.804,2.87,2.75,8.41,6.71,5.85
1.334,3.091,6.966,3.825,0.866,4.67,6.41,4.45,3.27,3.91
4.195,5.793,1.67,1.502,0.06,1.09,2.21,4.38,4.23,3.64
0.585,5.069,5.329,2.501,0.692,4.08,3.58,4.82,2.58,4.04
4.015,5.03,7.515,3.073,0.14,5.74,4.65,4.12,4.44,4.37
0.922,3.647,5.867,3.091,0.416,4.3,4.78,3.39,1.81,3.23
1.391,4.977,4.821,2.946,0.549,3.77,4.73,4.29,2.96,3.89
1.381,4.182,11.926,1.826,0.403,8.15,2.64,3.62,2.37,4.83
5.369,4.954,10.564,1.469,0.52,7.77,1.34,6.49,5.47,6.18
6.095,3.32,7.481,2.908,0.997,5.5,3.69,7.66,6.19,6.19
4.875,4.974,6.833,2.798,0.135,5.28,3.97,5.27,5.11,4.11
7.716,5.998,7.448,1.538,0.675,5.56,1.0,8.53,7.5,7.4
3.312,3.145,2.416,3.115,0.396,1.74,5.34,4.18,3.75,2.6
2.643,5.932,4.742,2.366,0.133,3.61,3.56,4.28,2.67,3.42
7.014,4.221,0.474,3.003,0.159,1.0,4.67,5.53,6.35,3.99
2.177,5.612,5.707,3.512,0.949,3.9,5.55,6.49,4.39,4.32
7.724,5.347,6.516,1.509,0.88,4.93,1.08,8.95,7.82,7.07
0.591,4.701,2.733,1.057,0.907,1.63,1.45,4.39,2.65,3.13
7.774,5.215,11.568,3.337,0.992,7.74,4.53,9.45,8.09,7.22
0.824,5.636,10.913,2.829,0.208,7.74,4.21,3.8,2.7,4.26
7.184,4.212,8.666,3.099,0.355,6.61,4.26,6.05,5.88,5.58
4.458,3.981,6.401,3.514,0.669,4.78,5.22,5.51,5.16,4.56
7.947,5.003,10.44,3.408,0.484,7.12,3.83,7.91,7.02,6.46
1.053,5.424,1.568,3.883,0.418,1.04,6.58,4.39,2.44,2.32
4.654,5.287,9.486,2.608,0.358,6.21,3.17,5.58,4.78,5.01
7.77,5.393,1.498,2.465,0.594,1.85,3.21,7.64,7.28,5.3
4.423,4.307,9.531,2.206,0.576,6.57,2.47,5.5,4.82,5.63
5.22,5.454,3.309,1.461,0.161,2.95,1.96,5.74,4.65,4.36
5.718,3.361,10.525,2.718,0.472,7.94,3.48,5.59,5.69,5.52
3.909,4.633,11.329,1.831,0.553,7.86,2.09,5.42,3.95,5.68
5.207,3.017,1.786,3.764,0.57,1.17,6.1,5.62,5.27,3.59
4.882,3.974,5.552,2.75,0.21,4.24,4.23,4.37,4.43,4.37
7.259,4.099,11.772,2.779,0.742,8.35,3.32,8.07,6.66,6.5
0.841,4.189,5.801,2.065,0.025,4.13,3.07,2.9,1.52,2.65
2.607,5.086,10.363,1.156,0.355,7.24,1.0,4.47,2.91,4.9
7.628,4.166,7.065,1.095,0.78,4.79,1.0,7.79,7.36,6.21
7.177,4.346,4.504,2.27,0.564,2.84,2.6,6.28,6.31,4.94
3.917,3.713,3.429,1.254,0.261,2.66,1.53,3.79,4.01,3.7
5.151,4.12,2.439,2.821,0.695,1.8,4.08,5.99,5.19,4.36
2.58,3.682,9.142,3.643,0.567,6.36,5.92,4.55,3.26,4.07
1.911,3.22,4.638,3.649,0.796,3.55,5.87,4.5,3.26,3.49
3.978,4.81,6.135,2.977,0.735,4.85,4.44,5.87,4.62,4.71
3.15,5.005,5.908,1.634,0.61,4.21,2.53,5.49,4.1,4.63
4.877,4.858,6.927,3.589,0.488,4.99,5.48,6.11,4.66,4.61
1.083,4.39,10.387,3.658,0.133,7.48,5.89,3.14,2.03,3.93
7.808,4.139,11.769,1.59,0.261,8.22,1.0,5.58,7.21,6.38
7.897,5.59,4.891,3.212,0.419,3.89,4.16,7.46,8.11,6.16
5.736,4.557,9.93,1.86,0.599,7.4,1.74,6.17,5.85,6.03
4.521,4.438,9.174,3.408,0.514,6.85,4.84,5.93,5.06,4.84
2.821,3.077,6.882,3.992,0.288,4.38,6.64,3.74,2.49,3.21
6.603,4.024,11.473,1.09,0.006,8.13,1.0,4.41,5.89,5.8
5.635,4.141,2.406,3.692,0.496,1.7,5.28,5.75,5.75,4.21
1.72,4.196,1.311,2.868,0.286,1.03,5.37,3.44,2.33,3.06
7.332,4.741,10.248,3.92,0.735,7.68,5.54,7.27,7.55,6.06
6.669,4.601,5.27,2.395,0.024,4.47,2.63,5.15,5.55,5.0
7.623,4.824,10.164,3.542,0.585,7.35,4.59,7.51,7.04,5.76
5.943,5.295,10.717,1.187,0.941,7.65,1.0,8.51,6.77,7.26
5.101,5.439,0.749,2.006,0.174,1.12,3.32,5.0,4.6,3.42
3.637,5.154,10.602,1.201,0.472,7.69,1.0,5.28,4.59,5.59
7.495,5.867,5.38,3.926,0.091,4.52,5.97,5.81,6.24,4.42
6.995,3.055,6.125,3.451,0.626,4.72,5.28,6.24,6.13,5.2
0.839,3.587,7.519,3.558,0.551,4.96,5.71,3.22,1.86,3.45
0.698,3.023,11.117,3.814,0.407,7.42,6.12,3.15,1.93,3.71
3.323,4.942,0.229,1.255,0.521,1.0,1.44,5.15,3.91,3.26
6.579,5.694,5.722,2.157,0.897,4.53,2.55,8.64,6.68,6.56
7.905,3.73,8.253,1.213,0.196,6.53,1.0,5.64,6.39,5.83
1.628,5.781,8.672,1.632,0.023,6.71,2.46,3.22,2.32,3.55
4.956,3.181,8.31,1.688,0.862,6.32,2.21,6.32,5.04,5.73
3.357,5.803,1.613,2.407,0.577,1.65,3.52,6.16,4.03,3.6
7.774,4.055,3.593,1.806,0.891,2.73,1.31,8.04,8.22,6.35
6.816,3.304,4.305,1.303,0.597,3.01,1.1,6.72,6.07,5.17
6.787,4.458,9.653,1.502,0.81,7.35,1.29,7.54,6.76,6.9
4.015,3.77,3.345,1.442,0.43,2.67,1.9,4.68,4.1,4.5
3.611,3.855,2.528,3.919,0.75,1.98,6.29,5.81,4.3,3.22
2.551,3.922,11.489,3.278,0.913,8.29,4.98,5.41,4.13,5.04
0.923,5.409,0.106,3.903,0.572,1.0,7.34,4.59,2.87,2.3
6.985,4.617,11.974,2.319,0.181,9.12,2.64,5.65,5.99,6.75
6.597,3.934,8.122,1.835,0.269,6.4,1.8,5.58,5.44,5.39
7.998,4.831,9.942,3.395,0.199,7.52,4.26,5.64,7.25,5.78
7.975,5.148,3.535,1.979,0.247,3.13,2.14,6.13,6.95,5.37
4.666,3.818,0.172,1.898,0.306,1.0,3.2,4.94,5.01,3.46
6.267,4.241,8.854,1.698,0.555,6.37,1.62,6.85,5.39,5.96
7.586,3.366,10.01,1.389,0.588,7.61,1.0,6.58,6.92,6.19
6.872,3.543,8.886,1.769,0.426,6.15,1.57,5.95,6.73,6.64
2.355,5.043,1.714,2.066,0.615,1.63,3.61,5.31,3.47,3.16
3.879,3.544,9.041,3.022,0.082,6.16,4.99,3.78,3.48,4.01
1.469,4.575,9.227,1.188,0.088,6.62,1.59,2.51,2.16,4.07
7.655,5.127,7.902,1.632,0.172,5.66,1.42,5.99,6.47,6.39
5.046,3.321,9.193,3.427,0.518,6.85,4.96,5.27,4.88,4.61
2.215,4.702,10.151,1.441,0.214,7.21,1.04,4.05,2.71,5.43
5.538,3.77,7.363,2.028,0.283,4.95,2.68,5.79,4.87,5.23
5.136,5.889,1.063,3.594,0.4,1.13,5.69,6.24,5.74,4.05
3.186,4.451,5.852,1.465,0.812,4.08,1.99,5.5,4.48,4.42
1.352,5.418,0.932,1.248,0.014,1.0,1.78,3.41,2.13,3.03
5.537,4.651,4.891,2.454,0.649,3.7,3.23,7.1,6.02,5.0
4.402,3.13,4.885,1.907,0.669,3.76,2.41,5.47,4.63,4.98
6.292,4.899,0.792,2.69,0.799,1.0,4.17,7.45,6.35,4.18
4.401,5.854,4.186,3.411,0.933,2.97,5.16,7.92,5.47,4.78
6.891,4.805,1.332,1.411,0.02,1.14,2.07,5.43,5.82,4.12
4.639,5.458,9.699,2.742,0.154,7.28,3.88,4.77,4.25,4.7
4.707,5.653,11.372,2.517,0.886,8.7,2.87,7.66,5.6,6.78
7.075,3.684,0.868,1.432,0.459,1.0,1.43,6.6,6.22,4.83
3.526,3.636,11.461,2.872,0.565,8.52,3.87,5.29,4.68,5.91
1.505,4.833,6.271,1.821,0.663,3.81,2.08,4.81,2.18,3.35
0.716,4.233,3.595,2.464,0.679,2.19,4.63,4.07,2.31,3.27
6.164,5.52,0.922,1.247,0.932,1.0,1.48,8.78,7.33,6.22
5.152,5.7,6.007,2.379,0.997,4.06,3.37,7.81,6.28,5.4
5.781,4.06,9.534,1.919,0.72,6.49,2.16,6.9,6.16,6.63
2.097,3.711,8.485,3.467,0.287,6.17,5.09,3.09,2.67,3.64
1.523,5.342,0.603,1.171,0.88,1.0,1.7,6.0,3.25,3.25
0.609,3.824,0.875,2.256,0.049,1.0,4.18,2.21,1.0,1.67
3.129,5.468,4.834,2.375,0.231,3.75,3.25,5.05,3.69,4.45
4.924,4.271,3.543,3.175,0.897,2.81,4.04,7.16,5.41,4.49
3.442,5.003,2.789,2.723,0.256,2.32,4.18,4.28,3.55,3.23
3.781,3.287,3.372,3.002,0.221,2.53,4.62,4.26,3.49,3.55
7.281,4.872,9.642,3.331,0.138,6.76,4.46,6.31,6.8,5.8
3.112,4.355,11.151,3.587,0.859,8.28,5.65,6.24,5.06,5.72
4.355,4.76,4.861,1.942,0.5,3.44,2.79,5.47,4.82,4.59
6.377,3.504,10.873,2.614,0.675,7.65,3.28,6.54,6.04,6.21
3.474,5.211,3.858,3.52,0.239,2.82,5.98,4.76,3.48,3.24
5.166,5.588,5.717,3.968,0.758,3.99,5.63,7.13,6.01,5.01
6.968,3.65,2.712,3.669,0.76,2.12,5.57,7.81,7.28,4.69
7.621,3.287,7.686,2.114,0.313,5.86,2.47,5.87,6.39,6.05
1.603,3.071,11.748,1.585,0.411,8.41,1.65,2.49,1.64,4.2
7.449,4.926,7.242,2.468,0.21,5.17,2.51,6.3,6.72,6.01
4.191,4.821,4.294,3.225,0.977,3.07,4.74,7.04,5.66,4.66
2.437,4.64,7.774,2.478,0.646,5.89,3.51,5.12,3.13,4.57
3.944,3.696,1.475,2.45,0.935,1.38,3.97,6.2,4.95,3.89
7.85,4.173,10.664,3.515,0.303,8.48,4.43,6.58,6.92,6.03
4.195,4.783,6.037,2.084,0.782,4.79,2.56,6.85,5.04,4.76
2.966,4.49,5.392,3.579,0.766,4.27,5.54,5.77,3.89,3.83
5.251,5.963,7.03,2.22,0.692,4.77,3.19,7.25,6.21,5.48
2.301,3.409,7.497,1.985,0.966,5.59,2.86,5.36,3.62,4.78
1.069,5.085,0.861,2.362,0.394,1.0,3.99,4.02,1.91,2.85
1.467,4.213,8.191,3.287,0.131,5.64,5.25,2.81,1.45,3.05
1.46,4.285,2.903,1.378,0.672,2.16,2.5,4.73,3.26,3.4
1.639,5.153,8.567,1.589,0.729,6.36,1.96,5.37,3.46,4.57
1.541,5.077,9.87,3.854,0.575,7.14,6.61,5.19,2.98,4.48
5.307,5.974,9.648,1.526,0.207,6.76,1.53,6.17,5.09,6.19
1.864,3.385,6.63,2.703,0.504,4.96,4.21,3.63,2.58,4.04
3.093,3.312,6.242,2.738,0.312,4.33,4.9,4.06,2.97,3.82
7.226,5.173,1.715,2.469,0.427,1.63,2.96,6.72,6.6,4.99
4.055,4.735,9.304,2.934,0.645,6.62,4.1,6.2,4.12,5.63
5.507,3.822,3.257,1.689,0.745,2.49,1.68,6.44,5.52,4.96
1.792,3.238,5.96,2.658,0.232,4.49,4.5,2.67,2.16,3.35
1.942,3.257,3.411,2.117,0.405,2.17,3.85,3.62,2.8,2.97
0.807,5.683,1.606,2.985,0.269,1.75,5.67,3.07,2.09,1.97
1.767,3.576,7.555,1.424,0.199,4.83,2.29,2.52,2.49,3.41
2.589,3.97,0.652,2.713,0.783,1.0,4.4,5.23,4.19,3.29
1.828,3.68,8.984,1.556,0.909,6.49,1.97,5.12,3.7,5.05
1.165,4.065,3.811,1.836,0.37,2.9,2.44,3.38,2.33,3.86
1.405,3.208,0.002,1.656,0.751,1.0,3.38,3.73,2.76,2.65
3.956,4.557,6.134,1.549,0.897,4.47,2.03,6.39,4.73,5.45
2.048,3.203,0.562,3.477,0.846,1.0,5.78,4.91,3.56,2.78
3.232,5.401,3.314,1.857,0.183,2.41,3.09,4.71,4.12,3.75
4.276,3.701,8.484,3.781,0.956,6.57,5.45,6.56,5.27,4.88
5.678,4.62,0.752,3.91,0.377,1.06,6.27,6.19,6.04,3.66
0.795,5.64,10.072,2.714,0.339,7.35,4.21,4.15,1.74,4.33
6.496,4.953,0.046,1.429,0.062,1.0,1.79,5.07,5.28,3.84
5.209,4.599,2.962,2.124,0.486,2.31,2.87,5.89,5.55,4.79
1.113,3.973,8.891,3.393,0.109,6.19,5.06,2.3,1.82,3.37
7.052,3.999,3.795,2.102,0.249,2.71,2.56,5.67,6.5,4.73
7.407,5.008,1.223,1.261,0.317,1.33,1.41,6.94,6.66,5.67
0.958,5.982,4.323,2.67,0.809,2.91,4.44,5.72,2.82,3.67
2.577,4.986,3.245,3.535,0.875,2.6,6.05,6.47,4.05,4.22
6.547,4.673,10.113,3.388,0.302,7.09,4.3,5.92,5.51,5.36
6.112,5.192,3.76,1.525,0.859,3.45,1.63,8.38,6.27,5.99
1.884,4.396,9.467,3.018,0.857,6.45,4.49,5.28,3.78,4.98
2.07,3.18,10.702,1.662,0.765,7.66,2.37,5.01,3.49,5.25
3.279,4.687,5.206,1.655,0.147,4.05,2.24,4.09,3.56,3.38
4.134,5.873,10.919,3.622,0.69,7.68,5.56,6.96,4.59,5.48
5.137,3.526,4.528,1.749,0.945,3.68,2.48,7.35,5.61,5.66
3.267,5.07,11.569,1.79,0.683,7.89,2.36,5.82,3.96,5.72
3.969,3.603,1.071,1.002,0.332,1.38,1.24,4.48,4.35,4.0
6.106,4.607,8.244,3.612,0.501,6.08,4.87,6.84,5.77,4.93
0.775,3.29,5.926,3.378,0.646,4.01,5.67,3.6,1.84,2.8
2.393,4.351,4.652,2.882,0.511,3.29,4.44,4.2,3.32,3.66
5.85,5.268,7.593,3.251,0.12,5.85,4.49,6.02,5.14,5.2
7.214,4.043,8.446,1.456,0.312,6.1,1.0,5.88,6.77,6.4
4.338,4.995,0.052,2.375,0.802,1.0,3.33,6.81,5.02,3.92
4.491,5.386,2.003,2.054,0.861,1.56,2.34,7.57,5.09,4.83
1.304,5.782,8.557,1.281,0.137,5.7,1.48,3.6,1.63,4.02
3.856,3.704,7.997,2.458,0.952,6.34,3.5,6.02,4.86,4.98
4.495,4.198,11.593,3.762,0.329,8.17,5.11,5.02,4.31,4.43
2.319,3.457,9.132,1.12,0.662,6.76,1.22,4.0,2.88,4.86
2.519,5.977,11.409,1.874,0.752,8.18,3.0,6.07,4.44,5.78
3.33,5.781,8.43,1.623,0.812,5.77,2.31,6.73,4.91,5.32
0.651,4.62,3.577,1.714,0.946,2.53,3.3,4.95,2.79,3.09
2.916,5.526,1.264,3.725,0.313,1.27,6.32,4.39,4.02,3.16
2.086,4.563,9.382,2.404,0.859,6.62,3.9,6.01,3.86,4.96
2.956,4.871,7.73,2.399,0.132,5.92,3.27,4.04,2.99,4.41
1.398,3.267,0.578,3.282,0.705,1.0,5.48,4.53,2.38,3.16
7.179,5.266,4.321,1.463,0.742,3.66,1.0,8.08,7.44,5.57
4.952,3.383,11.482,2.462,0.678,8.15,3.47,5.61,5.28,5.53
5.593,5.478,6.005,2.29,0.252,4.16,3.44,5.9,5.44,4.8
6.419,5.346,5.193,2.791,0.873,3.77,3.63,8.2,6.62,6.04
4.238,5.126,5.492,3.999,0.169,4.12,6.21,4.43,4.43,3.32
1.152,3.108,2.507,3.308,0.054,1.98,5.43,2.6,1.28,2.73
4.528,3.909,4.424,2.194,0.717,2.67,3.16,5.86,5.0,4.45
4.901,3.789,4.438,3.483,0.475,3.35,5.65,4.84,5.34,4.01
6.091,4.08,0.628,1.512,0.849,1.0,1.25,7.77,6.16,4.93
3.737,3.263,9.211,1.091,0.383,6.55,1.07,4.15,3.37,4.73
1.457,5.811,4.998,1.613,0.168,3.96,2.35,3.76,2.12,3.92
2.628,4.661,9.866,2.021,0.836,7.16,2.78,5.27,4.33,4.95
3.223,3.917,10.204,2.532,0.549,7.7,3.7,5.41,3.94,5.31
5.344,4.191,2.544,2.845,0.189,1.98,4.14,4.47,4.82,3.58
4.781,4.342,7.888,3.732,0.72,6.04,5.57,6.42,5.14,4.84
3.171,4.802,5.667,2.53,0.511,4.62,3.73,5.46,4.09,5.26
7.899,4.547,10.562,2.504,0.604,8.18,3.09,7.79,7.09,6.93
5.043,5.758,2.589,1.151,0.461,1.74,1.31,6.38,5.47,4.88
2.279,4.491,8.134,1.105,0.829,5.73,1.31,5.0,3.52,5.21
1.263,5.976,7.293,2.653,0.83,5.06,3.84,5.48,3.05,3.9
1.646,5.554,3.544,2.315,0.709,2.71,3.63,5.44,3.14,4.3
2.345,3.626,1.639,3.518,0.105,1.47,6.17,2.82,2.41,1.5
1.705,5.792,7.82,1.482,0.839,5.31,2.03,5.95,3.6,4.68
1.899,3.349,8.863,1.075,0.671,6.32,1.4,4.51,3.08,4.63
2.638,5.452,3.788,2.347,0.697,2.18,4.17,6.09,2.88,3.83
1.8,4.142,7.738,1.712,0.363,5.94,2.74,3.43,2.39,4.09
7.226,5.634,4.742,1.149,0.879,3.53,1.0,9.52,7.39,6.44
1.102,5.604,8.558,3.174,0.725,6.06,4.97,5.41,3.43,4.48
4.434,5.418,2.391,1.335,0.113,1.8,1.0,4.84,4.03,3.75
3.578,5.37,10.683,2.825,0.408,8.0,3.96,5.68,4.24,4.94
7.868,3.914,3.449,1.843,0.886,1.96,1.87,9.08,8.07,6.21
1.34,3.243,4.413,1.52,0.047,3.15,2.43,1.85,1.26,2.91
3.484,4.209,0.697,2.139,0.961,1.0,3.25,6.34,4.84,4.44
7.771,3.521,1.338,3.404,0.679,1.19,4.8,6.64,6.92,4.23
6.991,5.085,6.19,2.176,0.631,5.2,2.03,7.64,6.71,6.29
6.628,4.038,3.211,3.252,0.271,2.31,4.42,5.73,5.61,4.16
2.434,5.927,10.026,1.376,0.249,7.37,1.75,4.64,3.04,5.36
1.782,4.923,0.176,3.318,0.942,1.0,6.21,5.58,4.46,3.47
5.515,5.467,4.549,1.711,0.298,3.84,2.0,5.32,5.65,4.97
7.47,3.398,4.048,3.032,0.776,3.01,4.23,7.61,7.4,5.27
4.676,5.586,0.232,2.697,0.393,1.0,4.43,6.36,5.13,4.04
4.787,5.768,1.492,3.787,0.139,1.61,5.78,5.07,4.23,3.56
2.6,4.461,4.964,2.162,0.011,3.73,3.36,3.43,2.85,3.29
6.271,4.819,5.914,1.198,0.544,3.99,1.0,6.32,6.49,5.2
1.903,5.294,4.851,1.057,0.976,3.33,1.63,6.26,3.6,4.47
2.928,3.525,6.371,3.481,0.369,4.72,5.55,3.9,3.6,4.18
3.691,4.508,7.142,2.574,0.357,5.43,3.81,4.59,4.23,4.84
4.307,4.196,0.119,3.326,0.344,1.0,5.1,4.68,4.93,2.83
2.318,3.439,5.569,1.703,0.521,3.14,2.65,4.01,2.97,3.28
1.361,4.103,11.562,2.035,0.441,8.32,3.51,3.9,2.11,4.94
5.08,3.205,6.228,1.09,0.88,4.25,1.0,6.11,5.41,5.01
2.665,3.077,8.131,3.884,0.506,5.22,6.08,3.95,3.67,3.95
4.859,3.405,3.742,3.004,0.508,2.01,4.56,5.27,4.3,3.53
1.658,5.889,9.288,3.8,0.138,6.83,6.36,3.66,1.93,4.13
4.109,4.649,9.275,1.796,0.983,6.74,1.99,7.57,5.31,5.87
4.494,5.897,6.256,2.834,0.25,4.54,3.27,5.28,4.57,4.95
0.889,4.297,11.712,3.035,0.073,8.66,5.15,2.5,1.59,3.97
3.025,3.935,1.507,1.953,0.663,1.4,3.21,4.84,4.18,3.7
1.508,4.518,0.203,3.544,0.595,1.0,5.62,5.03,2.69,2.17
0.975,4.319,9.242,3.841,0.415,6.1,6.12,3.81,1.61,2.8
7.925,3.317,9.686,3.655,0.422,7.17,5.38,6.1,7.46,5.81
2.918,4.922,1.442,3.217,0.785,1.0,5.72,6.27,3.91,3.43
6.574,3.648,3.187,1.832,0.196,2.49,2.43,5.2,5.31,4.05
2.41,4.859,0.211,1.845,0.82,1.0,2.9,5.82,4.22,3.3
5.611,4.951,3.52,3.89,0.649,2.93,6.01,6.78,5.78,4.64
6.202,3.456,9.278,1.031,0.419,6.82,1.0,5.42,5.64,6.08
4.967,3.184,6.216,3.148,0.458,4.79,4.95,5.17,4.95,4.44
4.037,5.342,4.177,3.119,0.257,3.34,4.54,4.92,4.6,4.27
3.589,4.379,4.461,2.868,0.752,3.95,4.16,6.46,4.42,4.23
3.117,3.174,0.016,3.97,0.513,1.0,6.98,3.98,4.04,2.37
7.471,5.985,3.598,1.936,0.321,2.61,2.17,7.6,6.27,5.79
6.73,3.173,7.758,2.02,0.596,5.84,2.65,6.34,6.47,5.78
7.738,5.085,11.69,1.237,0.996,8.33,1.0,9.37,7.68,7.84
1.432,5.951,10.165,2.328,0.435,7.63,3.45,4.98,3.26,5.64
5.982,3.718,0.283,1.783,0.921,1.0,2.02,7.19,6.35,4.27
7.538,3.427,10.783,2.03,0.345,7.76,1.99,6.24,6.28,6.51
1.859,3.364,9.398,3.504,0.055,6.53,5.11,1.77,2.26,3.87
0.999,3.91,9.365,3.806,0.204,6.82,6.09,2.68,2.06,3.38
6.058,3.303,5.496,1.557,0.419,4.1,1.19,5.22,5.72,5.34
4.809,5.076,4.776,2.118,0.22,3.39,3.06,4.79,4.4,3.89
6.814,3.187,3.635,3.786,0.0,3.38,5.83,4.26,5.26,3.65
1.548,4.528,0.788,1.185,0.915,1.0,1.34,5.5,3.36,3.72
6.465,5.99,2.739,1.277,0.844,2.25,1.59,8.72,6.98,5.99
2.012,5.442,2.959,1.488,0.742,2.37,2.98,5.68,3.84,4.36
1.727,4.846,5.809,2.786,0.168,3.66,4.48,3.38,1.83,3.52
1.732,3.919,8.969,1.451,0.12,6.51,1.71,3.1,2.28,4.19
6.609,4.872,5.686,3.904,0.068,3.99,6.6,5.35,5.62,4.61
5.489,4.581,0.694,2.34,0.724,1.01,2.96,7.17,5.59,4.4
4.423,4.278,11.493,2.505,0.929,7.98,3.28,7.08,5.12,6.32
3.191,3.392,11.313,1.74,0.431,8.29,2.14,4.26,3.49,5.25
7.079,5.66,9.422,2.413,0.119,7.28,3.21,5.82,5.19,5.72
3.443,4.349,11.896,2.986,0.512,8.76,4.37,4.9,3.84,5.35
6.624,3.584,6.534,3.254,0.349,4.98,4.39,5.5,5.61,4.38
3.794,4.103,11.553,3.262,0.375,8.21,4.44,4.62,4.2,4.75
3.327,4.242,0.907,2.734,0.621,1.0,4.27,5.4,3.87,3.36
3.97,5.483,4.388,3.713,0.719,3.71,5.57,6.77,4.89,4.0
2.76,5.201,2.705,3.452,0.111,1.82,5.68,4.01,3.6,3.26
6.107,5.308,2.35,3.271,0.036,1.64,4.69,5.22,5.69,4.2
4.27,3.033,1.69,1.167,0.994,1.6,1.0,6.39,5.36,4.8
2.242,4.248,7.469,1.021,0.233,5.1,1.5,3.53,2.62,3.75
7.247,4.444,9.376,1.637,0.054,6.64,1.24,5.04,6.21,6.2
3.379,3.058,6.94,2.991,0.19,4.59,4.15,2.92,3.19,4.17
4.577,3.779,1.764,2.234,0.039,1.32,3.2,3.64,3.96,3.29
7.299,5.281,9.733,2.207,0.392,7.15,2.41,7.11,6.88,6.58
5.182,3.411,7.631,3.654,0.802,5.67,4.89,6.2,5.33,5.13
1.377,4.606,4.658,3.687,0.341,3.61,6.3,3.71,2.84,3.26
7.549,3.646,8.09,3.728,0.444,6.2,4.86,6.6,6.63,5.59
5.208,3.036,3.119,1.942,0.676,2.39,3.07,5.97,5.45,4.48
3.012,3.724,4.142,3.073,0.509,2.99,5.03,4.24,4.05,3.84
1.545,5.928,11.01,1.815,0.861,7.94,2.36,6.23,3.87,6.36
6.455,5.405,3.486,1.572,0.866,3.14,1.46,8.63,6.48,5.42
5.151,5.879,5.64,1.554,0.01,4.24,1.71,4.69,4.93,4.68
4.501,4.464,10.682,2.026,0.778,7.56,2.62,6.26,5.47,5.57
7.204,3.329,8.493,2.29,0.461,6.01,2.61,6.55,6.67,6.39
6.414,4.644,0.746,3.493,0.989,1.0,5.22,8.27,6.57,4.35
1.638,4.363,1.768,1.36,0.483,1.52,2.13,3.5,2.55,2.64
2.838,5.533,0.094,3.205,0.987,1.0,5.16,6.37,4.87,3.82
2.364,3.294,7.571,2.594,0.755,5.59,3.83,4.67,3.22,4.82
6.08,4.465,5.372,1.864,0.249,4.03,1.55,5.16,5.43,5.12
0.751,3.45,1.611,2.478,0.538,1.59,4.56,3.31,2.5,2.73
4.774,3.974,11.495,1.9,0.992,8.14,2.22,7.1,5.61,6.5
6.218,5.212,6.356,2.788,0.858,5.05,3.54,8.48,6.46,6.39
7.076,4.428,2.903,2.302,0.097,2.37,3.51,5.3,5.72,4.06
3.066,4.128,6.007,1.493,0.706,4.18,1.95,5.7,4.13,4.68
6.659,4.183,8.155,1.35,0.346,6.22,1.0,6.39,5.62,5.81
1.33,4.378,0.915,2.64,0.007,1.0,4.76,3.17,1.74,1.87
6.848,5.355,3.296,3.707,0.403,2.76,5.6,6.93,6.57,4.62
1.456,5.676,9.684,2.032,0.235,6.88,3.07,3.47,2.9,4.68
3.48,5.866,5.516,3.199,0.819,4.02,4.83,6.94,5.04,4.94
6.48,5.361,6.559,2.976,0.337,5.63,4.19,6.76,5.9,5.64
1.624,3.946,5.194,3.795,0.828,4.07,6.25,4.87,3.52,3.72
2.219,5.064,0.527,3.463,0.001,1.0,6.04,3.95,2.48,2.53
5.917,4.313,1.989,2.7,0.308,1.72,3.3,5.82,5.1,3.92
5.9,3.764,5.346,2.971,0.241,4.34,4.07,5.23,5.19,4.49
5.309,5.523,2.51,3.695,0.234,2.18,6.25,5.98,5.6,4.06
5.705,3.115,0.6,2.199,0.068,1.0,2.84,4.17,4.77,3.57
4.57,5.705,10.124,1.98,0.187,7.22,2.19,4.53,4.62,5.36
2.388,4.384,11.774,1.032,0.556,8.34,1.0,4.59,3.87,5.54
3.093,4.912,9.518,3.48,0.291,5.87,4.96,4.92,3.15,4.13
1.862,4.978,10.245,3.403,0.417,7.33,4.67,4.15,2.54,5.25
7.313,5.685,2.904,1.313,0.377,2.25,1.05,7.06,6.34,5.53
4.875,4.91,11.528,2.731,0.876,8.79,3.65,6.92,5.82,6.46
3.506,4.842,2.363,2.392,0.905,1.84,3.65,7.1,4.83,4.32
3.965,3.2,11.417,1.356,0.493,7.83,1.23,5.22,4.62,5.6
7.605,4.555,11.938,3.942,0.33,8.72,5.37,6.26,6.8,6.1
1.65,3.451,8.541,1.644,0.107,5.75,2.59,2.72,1.88,3.79
4.897,5.212,11.774,1.202,0.953,8.63,1.0,7.44,5.9,6.31
4.294,4.537,6.834,2.785,0.06,5.09,3.85,4.36,4.04,3.82
5.086,5.041,3.115,3.217,0.298,2.72,4.79,5.68,4.51,3.82
0.636,3.125,5.244,1.097,0.298,3.47,1.79,2.83,2.33,3.45
7.041,3.254,7.123,2.976,0.32,5.35,4.37,5.68,6.22,5.08
7.491,5.149,0.877,2.597,0.164,1.0,3.32,7.05,6.58,5.0
4.738,3.216,7.468,1.31,0.783,5.68,1.3,5.71,5.32,5.04
5.725,3.214,11.774,1.518,0.122,8.68,1.39,3.8,5.05,5.45
7.419,3.036,2.281,2.704,0.635,2.12,3.34,6.66,6.71,5.33
5.804,5.87,9.511,1.889,0.124,6.95,2.06,5.2,5.23,5.58
1.644,5.213,10.895,3.815,0.071,7.83,5.64,3.01,2.48,4.25
4.822,4.06,11.324,3.456,0.909,8.65,4.4,6.59,5.67,6.68
5.05,3.89,11.522,3.951,0.19,8.23,5.89,4.31,4.36,4.63
3.681,4.049,6.258,1.779,0.821,4.61,2.22,5.72,5.04,4.98
6.023,5.324,11.728,3.909,0.545,8.18,5.61,7.08,6.19,5.94
7.508,4.984,9.088,2.294,0.078,6.48,2.54,5.63,6.59,5.2
7.442,3.556,1.94,2.043,0.955,1.76,2.17,8.16,7.77,5.5
3.881,3.522,5.723,1.151,0.247,4.53,1.19,4.34,3.8,4.75
1.349,3.295,8.62,1.158,0.86,6.02,1.08,4.28,2.99,4.82
7.886,4.981,2.968,3.076,0.169,2.4,4.62,6.19,7.01,4.89
6.792,5.293,7.687,2.374,0.854,5.6,2.46,8.48,6.88,6.26
1.435,3.795,7.999,1.68,0.013,5.51,2.35,1.93,1.8,3.26
7.406,3.063,1.952,2.842,0.512,1.83,3.59,5.63,6.6,4.86
7.024,3.247,6.781,1.759,0.769,4.65,1.94,7.27,6.43,5.65
4.391,5.904,9.26,2.733,0.935,7.09,3.7,7.81,6.35,6.35
4.935,3.886,5.987,2.078,0.909,4.24,2.54,7.48,5.17,5.39
3.493,5.308,0.145,3.471,0.82,1.0,5.97,6.58,4.35,3.9
0.911,4.874,0.108,3.462,0.888,1.0,6.1,5.39,3.34,2.99
3.014,4.146,4.284,2.432,0.199,3.35,3.87,3.81,3.45,3.18
6.521,3.617,11.114,2.052,0.284,8.31,1.87,5.49,5.41,5.67
0.535,3.364,2.744,2.088,0.289,2.06,3.12,3.14,1.66,2.92
3.001,4.845,7.612,3.417,0.377,5.18,5.35,4.1,4.08,4.02
3.486,5.324,2.665,1.985,0.393,2.11,2.82,5.37,4.09,3.83
4.53,4.932,3.86,1.627,0.545,2.57,2.24,6.65,5.75,5.21
7.399,4.591,10.177,1.254,0.16,7.42,1.0,5.92,5.82,6.25
3.098,3.126,8.746,2.4,0.691,6.59,3.48,5.35,4.04,4.99
3.102,5.905,1.145,2.446,0.168,1.2,3.39,4.5,3.95,3.64
6.031,5.396,5.144,3.523,0.31,3.91,5.75,6.16,6.03,4.55
3.892,3.878,0.35,1.664,0.503,1.0,2.34,5.06,4.19,3.97
2.185,5.94,5.771,2.143,0.796,4.34,3.45,5.43,3.82,4.15
3.893,4.806,7.949,3.425,0.739,5.76,4.93,5.89,4.93,5.1
1.556,4.747,1.422,3.471,0.646,1.0,6.04,4.43,3.25,3.04
1.823,5.244,3.467,2.154,0.156,2.75,3.04,4.03,2.74,3.01
4.238,5.435,4.774,2.377,0.547,3.55,3.54,6.39,5.19,4.65
3.642,4.969,11.034,1.91,0.087,8.27,2.23,4.31,3.37,5.49
7.361,3.384,11.919,3.798,0.377,8.38,5.14,6.24,6.33,6.31
3.218,4.015,0.539,1.356,0.414,1.0,2.14,4.48,3.39,2.99
4.854,5.784,9.132,3.801,0.04,6.72,5.29,5.32,4.5,4.62
5.242,3.674,4.461,3.052,0.274,3.47,4.28,4.84,5.12,4.5
0.598,4.117,4.709,2.595,0.956,2.82,4.48,4.79,2.71,3.76
5.477,4.296,9.051,1.098,0.954,6.32,1.33,7.43,6.91,6.11
1.835,4.318,11.021,2.427,0.352,8.63,3.5,4.08,2.73,4.47
7.708,4.839,11.411,2.223,0.043,8.28,2.45,5.53,6.45,6.27
1.615,5.829,6.925,1.484,0.179,5.15,2.05,4.34,2.6,4.4
3.61,3.722,4.285,2.969,0.392,2.99,5.17,4.16,3.67,3.34
1.14,3.365,9.451,3.913,0.948,6.05,5.88,4.34,2.88,4.14
7.977,3.592,3.012,2.687,0.141,2.46,3.52,5.71,6.85,4.52
4.266,5.661,6.769,3.144,0.764,4.87,4.19,6.91,5.3,4.51
4.965,4.937,4.303,1.205,0.109,3.14,1.0,4.67,4.39,4.35
1.003,3.858,7.88,2.253,0.981,5.53,3.6,5.2,2.67,4.33
6.125,5.448,2.885,1.349,0.382,2.4,1.41,6.3,5.81,4.83
2.074,5.584,2.299,2.838,0.775,1.67,4.6,5.74,3.75,3.25
7.235,5.54,11.019,3.815,0.343,7.7,5.2,7.31,7.04,5.69
2.039,5.757,1.222,2.985,0.628,1.1,5.94,5.92,3.12,2.99
1.93,3.757,6.071,1.23,0.192,3.76,1.54,3.66,2.29,3.97
0.774,5.265,2.65,2.064,0.146,1.28,3.62,3.24,1.86,2.93
4.041,4.382,0.467,2.652,0.938,1.0,3.95,7.09,4.56,4.36
4.736,5.526,0.432,2.21,0.918,1.0,3.33,7.32,5.55,4.14
0.993,5.185,2.103,3.501,0.887,1.5,5.98,5.07,2.86,2.62
6.316,5.329,10.401,3.444,0.625,7.18,4.61,6.64,6.19,5.96
3.9,4.968,3.39,2.835,0.808,2.36,4.9,7.04,4.99,4.55
4.433,3.532,11.406,2.12,0.069,8.13,2.93,3.5,3.86,5.05
3.806,4.635,6.979,1.766,0.335,4.6,2.3,4.83,3.93,3.89
3.506,5.954,5.239,1.318,0.314,3.62,1.0,5.06,4.24,4.34
4.697,5.812,6.961,2.065,0.636,5.3,2.56,7.03,5.92,5.67
1.664,3.13,6.2,2.24,0.356,4.85,4.28,3.1,2.82,3.7
1.864,3.494,9.105,3.027,0.149,6.34,4.65,2.51,1.65,3.66
6.963,3.395,3.39,2.974,0.596,2.95,4.47,6.73,6.62,4.95
7.596,5.178,4.237,1.21,0.814,2.77,1.26,8.16,7.52,6.02
3.3,5.453,10.729,2.186,0.382,7.87,2.97,4.94,4.02,5.29
2.531,3.641,11.357,1.545,0.132,7.84,1.58,2.58,2.58,4.72
5.33,4.518,10.711,1.47,0.197,7.86,1.0,4.61,4.96,5.87
3.566,5.522,5.033,3.482,0.237,3.63,5.69,4.96,4.0,3.81
0.69,5.198,9.364,1.126,0.3,6.99,1.21,3.07,1.8,4.2
1.671,4.627,5.716,2.258,0.643,3.82,3.58,4.31,2.79,3.72
5.87,4.771,5.97,1.505,0.601,4.66,1.15,6.76,5.83,5.79
5.442,4.525,2.456,3.638,0.696,1.91,5.53,6.58,5.83,4.33
0.703,3.893,7.094,2.671,0.363,4.95,4.36,3.77,1.99,3.64
2.165,4.695,2.234,1.694,0.824,1.62,2.69,6.09,3.95,4.41
2.233,5.067,3.979,2.507,0.204,2.64,3.64,3.74,2.73,3.31
5.539,5.62,10.26,3.194,0.469,7.45,4.77,6.76,5.79,5.59
0.648,4.909,2.485,3.874,0.801,1.75,6.57,5.02,2.93,3.2
1.281,5.283,0.854,1.661,0.18,1.0,2.25,3.46,2.57,2.44
6.499,3.48,0.828,3.659,0.11,1.0,5.54,4.27,5.39,2.99
1.839,4.385,11.289,3.803,0.884,8.23,6.02,5.38,3.42,4.96
5.396,3.028,6.083,3.749,0.343,4.8,5.68,4.76,4.95,4.43
2.286,3.74,4.913,2.906,0.684,3.24,5.05,4.6,3.03,3.09
1.246,5.179,9.731,2.889,0.025,7.13,4.46,3.29,1.89,3.79
2.324,5.975,10.03,2.21,0.69,6.78,3.09,5.66,4.08,4.98
5.917,3.298,3.986,3.257,0.316,3.26,4.45,4.74,5.47,4.06
6.918,4.204,8.323,2.594,0.056,6.36,3.46,5.1,5.69,5.55
6.727,5.4,9.253,3.032,0.61,6.24,4.04,7.65,6.77,6.27
3.479,3.612,7.856,2.285,0.241,5.7,3.07,3.57,3.27,4.17
5.511,4.665,1.819,3.194,0.387,1.41,4.26,6.1,5.58,3.97
2.037,5.199,10.511,3.473,0.081,7.23,5.85,3.11,2.56,3.44
2.699,4.848,6.469,1.439,0.147,5.07,1.49,3.76,3.0,4.66
7.223,3.564,3.39,3.499,0.298,2.54,4.87,5.66,6.11,4.52
0.598,4.066,5.103,2.621,0.09,3.36,4.48,2.31,1.35,2.37
1.141,5.351,0.451,3.534,0.911,1.0,5.81,5.4,3.1,3.07
2.059,4.663,1.534,2.294,0.006,1.38,3.3,3.73,2.58,2.91
0.699,3.016,9.187,2.137,0.484,6.42,2.65,2.79,1.7,3.75
1.861,5.283,0.0,3.745,0.123,1.0,6.68,4.46,3.02,2.61
4.873,3.106,4.999,1.754,0.308,3.9,2.01,4.63,4.93,4.34
3.661,5.237,6.27,3.533,0.926,3.92,6.37,6.93,4.73,4.34
7.195,3.607,0.656,2.452,0.162,1.0,3.0,5.4,6.02,4.11
6.631,5.874,11.677,2.542,0.966,8.34,2.72,9.72,7.07,7.22
3.064,4.104,2.714,1.925,0.206,2.2,2.7,3.59,3.18,3.54
2.446,3.981,3.65,2.719,0.742,1.89,4.42,4.76,4.22,4.12
3.348,3.447,3.647,1.976,0.547,3.49,2.73,4.48,3.76,3.79
4.927,3.917,2.765,1.118,0.884,2.34,1.32,6.8,5.67,4.51
2.51,5.63,0.018,1.816,0.554,1.0,2.6,4.9,3.88,2.75
5.181,5.989,8.752,1.019,0.535,6.74,1.0,6.83,5.33,6.15
3.571,4.105,11.602,3.935,0.195,9.0,5.43,4.58,3.36,4.72
4.64,4.346,2.692,3.897,0.166,2.38,5.52,4.61,4.0,3.48
3.771,5.166,7.957,2.185,0.916,6.04,2.81,6.81,4.78,5.53
2.708,5.659,8.903,3.185,0.328,6.41,4.79,4.68,2.66,3.74
7.613,4.779,10.181,2.037,0.372,7.46,1.83,7.06,7.01,6.06
6.227,4.175,5.072,3.013,0.76,3.72,4.61,6.94,6.95,5.3
1.551,4.238,3.635,3.416,0.339,2.37,6.1,4.22,2.49,2.89
7.014,5.087,3.904,3.84,0.952,2.88,5.56,9.31,6.93,5.32
4.156,3.01,8.551,2.201,0.738,5.79,2.37,5.55,4.43,4.59
7.209,4.859,9.801,3.35,0.597,7.2,4.29,7.45,6.78,6.35
6.499,4.066,2.179,1.798,0.881,1.35,1.97,8.0,6.38,5.52
3.689,5.383,4.451,3.971,0.05,3.36,6.17,4.65,3.99,3.66
0.669,3.279,10.823,1.077,0.257,7.6,1.09,2.33,1.75,4.0
2.515,4.765,9.68,2.811,0.465,6.95,4.0,4.57,3.06,4.56
4.562,4.443,11.818,2.979,0.227,8.34,3.97,4.37,4.64,4.83
5.251,4.927,9.051,3.064,0.744,7.52,4.08,7.13,6.24,6.43
2.434,3.195,4.718,1.361,0.919,3.83,1.91,5.4,4.29,4.62
1.545,4.74,7.088,3.816,0.424,4.67,6.39,3.74,3.52,2.99
6.762,4.684,7.932,1.544,0.342,5.96,1.09,6.11,5.91,5.74
7.883,4.682,0.941,2.868,0.962,1.0,4.31,8.63,8.74,5.55
4.443,4.81,6.534,1.668,0.445,4.49,1.72,5.32,4.63,4.75
1.788,5.029,8.512,1.922,0.489,5.65,2.28,4.75,2.81,4.38
2.542,5.415,2.008,2.639,0.352,1.66,4.38,4.52,3.49,2.89
0.638,3.809,9.368,2.252,0.91,6.38,3.24,4.43,2.4,4.49
7.357,5.475,7.005,1.481,0.569,5.56,1.31,7.24,7.22,6.11
1.383,4.495,11.427,1.513,0.762,8.37,1.22,4.92,2.61,4.64
4.824,3.231,0.509,2.254,0.812,1.01,3.73,6.15,5.17,3.91
2.555,3.176,3.184,3.272,0.342,2.1,5.55,3.38,3.32,3.16
4.656,4.003,7.219,3.694,0.434,5.43,5.14,5.19,4.69,4.44
5.386,5.355,3.559,1.252,0.848,2.95,1.0,7.69,6.16,6.1
6.723,5.123,8.573,2.179,0.363,6.2,2.99,6.28,6.42,5.9
2.048,5.366,9.108,1.301,0.794,6.25,1.36,5.29,4.05,5.29
0.582,4.552,1.23,1.05,0.941,1.37,1.49,5.49,2.23,3.51
1.527,4.321,6.166,2.985,0.623,4.46,4.16,4.28,3.04,3.8
7.25,3.442,6.107,2.807,0.742,4.83,3.56,7.25,6.8,5.61
7.054,3.985,4.431,1.489,0.805,3.21,1.33,7.98,6.99,5.76
4.981,4.302,11.195,1.701,0.845,7.72,1.97,7.95,5.93,6.76
5.004,3.266,9.93,1.071,0.395,7.03,1.0,4.55,4.39,5.17
5.488,3.662,8.367,3.505,0.051,6.09,4.61,4.33,4.35,4.18
1.815,4.795,8.572,3.924,0.402,5.77,6.5,4.03,2.25,3.2
7.358,5.207,5.541,1.406,0.674,4.24,1.45,7.81,7.04,6.67
3.641,5.995,11.052,1.694,0.45,7.41,1.48,5.61,4.82,5.9
3.374,5.799,8.335,3.605,0.749,5.67,5.89,6.16,4.61,4.82
4.392,4.928,8.748,3.779,0.357,6.54,5.72,5.34,4.19,4.34
0.852,4.264,10.34,2.259,0.635,7.46,3.75,3.7,2.26,4.48
1.747,4.909,3.289,1.152,0.186,2.27,1.63,3.95,2.04,3.29
6.035,5.357,9.685,1.118,0.749,6.78,1.0,7.66,6.08,6.71
1.121,3.355,2.343,2.722,0.546,1.39,4.57,3.71,2.39,2.39
5.024,4.23,4.144,2.179,0.204,3.04,3.28,4.65,4.32,4.06
2.34,5.519,4.027,1.086,0.292,3.13,1.13,4.42,3.51,3.97
3.42,4.151,11.742,2.75,0.749,8.67,3.73,5.79,4.33,5.41
2.665,4.716,10.278,1.034,0.483,7.18,1.0,4.47,3.56,5.39
3.168,4.763,8.414,3.362,0.216,5.7,4.29,4.18,3.41,3.72
5.893,3.553,8.725,1.919,0.967,6.48,2.64,7.15,6.52,6.31
2.728,4.087,6.745,1.121,0.715,4.61,1.0,4.95,4.03,4.95
4.748,4.004,11.365,2.765,0.957,8.04,3.85,6.34,5.66,5.67
4.07,3.079,5.955,2.193,0.427,4.77,3.01,4.9,4.28,4.29
5.478,3.073,4.566,3.921,0.475,3.72,6.39,5.1,5.1,3.95
7.526,5.495,1.956,2.633,0.898,1.79,3.63,9.37,7.88,5.8
5.994,3.819,9.434,1.826,0.525,6.52,1.84,6.41,5.65,5.82
2.112,4.554,8.813,3.128,0.707,6.34,4.61,4.73,3.45,4.57
0.734,3.896,4.612,1.814,0.252,3.58,3.16,2.57,1.59,3.49
2.467,5.822,0.302,3.713,0.447,1.0,5.74,5.95,3.42,2.89
4.963,3.778,10.068,2.124,0.123,7.7,2.77,4.8,4.21,4.75
0.886,4.289,0.137,2.65,0.206,1.0,4.3,3.03,1.93,2.47
4.223,5.618,8.444,1.152,0.001,6.62,1.39,4.58,4.47,5.71
4.976,5.526,11.643,2.278,0.039,8.49,2.82,4.69,5.0,5.74
3.007,3.558,5.252,3.497,0.977,4.0,5.77,6.0,3.91,3.78
6.282,5.408,2.82,3.417,0.242,2.71,5.09,5.84,6.23,4.39
1.299,4.375,8.458,1.673,0.663,6.12,1.87,3.88,2.68,4.06
1.064,4.449,9.806,1.678,0.839,6.77,2.11,4.49,3.07,4.96
5.961,3.4,6.557,3.452,0.551,4.75,5.19,5.96,5.41,4.35
4.216,3.242,11.604,3.791,0.153,8.41,5.66,3.45,3.87,4.49
5.663,5.184,0.62,1.286,0.728,1.0,1.79,7.28,6.19,4.38
3.761,4.489,6.058,2.35,0.6,4.39,3.48,5.27,3.99,4.42
2.348,4.311,8.621,2.012,0.731,6.48,2.55,4.95,3.79,4.81
6.643,5.189,10.352,3.612,0.77,6.92,4.75,8.2,7.25,6.43
6.496,5.297,2.151,1.251,0.975,2.29,1.2,8.71,7.02,5.83
5.71,3.477,9.6,1.633,0.574,7.34,1.0,5.94,5.96,5.88
2.541,4.831,6.632,3.257,0.342,4.63,5.65,4.68,3.2,3.97
4.927,3.406,4.759,1.154,0.648,3.74,1.23,5.92,5.36,5.05
3.207,5.254,1.581,2.478,0.068,1.27,4.27,4.55,2.73,2.7
1.187,4.971,10.384,2.326,0.897,7.7,3.02,5.23,3.9,5.92
7.38,5.87,1.887,2.003,0.119,1.98,2.78,6.19,6.97,5.01
1.526,3.207,3.717,2.184,0.328,2.26,4.19,2.72,2.12,2.6
7.627,3.171,3.481,2.59,0.816,2.99,2.95,7.48,6.6,5.75
3.845,3.847,10.457,1.484,0.597,7.45,1.8,5.59,4.44,6.15
