starch_pct,fat_pct,salt_pct,moisture_pct,seasoning_pct,crunchiness,oiliness,saltiness,flavour,flavor_balance
41.462,10.728,3.625,2.533,2.048,5.8,1.26,8.2,3.64,6.18
48.673,20.042,3.097,3.085,2.845,4.49,3.6,6.91,4.21,4.9
61.629,30.297,3.794,5.195,3.258,1.0,7.68,8.22,5.35,3.42
40.648,15.457,3.402,7.678,0.963,1.0,3.28,7.53,3.02,1.0
46.178,15.086,1.529,7.254,4.712,1.0,2.51,3.39,6.23,1.25
41.523,27.783,2.522,3.745,4.777,3.7,6.44,5.37,6.03,5.33
49.068,30.674,1.283,7.211,5.709,1.0,7.65,3.18,7.2,1.0
59.917,13.828,3.668,2.071,0.538,5.87,2.35,8.71,2.72,5.45
49.243,32.335,1.764,2.561,4.116,5.26,8.29,3.81,5.72,4.99
57.508,23.301,1.838,3.699,5.632,3.99,5.69,3.98,7.07,5.66
42.087,30.292,0.514,1.741,5.129,6.57,7.59,1.22,6.09,4.93
66.022,23.595,1.399,4.906,5.596,1.0,5.39,2.86,6.63,3.59
43.997,29.403,2.096,2.036,6.079,6.28,6.74,4.12,7.99,6.04
45.344,14.607,1.958,4.428,6.279,1.92,2.37,4.4,7.28,5.41
54.878,13.909,1.516,5.297,3.94,1.0,2.29,3.57,5.88,3.43
65.911,32.353,1.185,6.213,1.145,1.0,8.12,2.6,2.97,1.0
62.768,12.821,1.537,6.003,3.541,1.0,2.04,4.22,5.09,3.12
69.115,19.532,3.096,7.213,3.265,1.0,4.85,6.93,4.88,1.19
62.779,22.342,0.821,6.818,3.092,1.0,4.71,2.58,4.28,1.01
51.528,21.026,2.328,1.8,6.559,6.65,4.62,5.43,8.09,6.72
52.262,34.48,1.178,1.666,1.837,7.09,9.06,2.19,3.13,4.4
61.401,23.278,1.493,4.37,7.821,2.11,4.99,3.15,9.74,4.78
48.12,33.431,3.458,6.988,2.634,1.0,8.63,7.8,4.37,1.0
65.623,14.349,2.805,5.799,3.282,1.0,2.36,5.78,5.45,3.28
67.395,24.909,3.127,4.125,6.681,3.07,5.37,7.26,8.41,5.84
62.823,31.011,0.567,5.984,7.894,1.0,8.14,1.49,9.09,2.09
55.5,13.152,3.477,4.096,2.26,2.85,2.03,7.67,3.68,5.34
45.035,19.446,2.804,5.101,1.204,1.0,4.14,6.46,3.24,3.02
48.961,28.132,3.056,5.986,7.967,1.0,6.92,6.51,8.9,2.69
48.518,12.45,1.127,3.194,2.687,4.45,2.04,2.3,3.77,5.05
49.816,20.033,1.502,7.886,6.793,1.0,4.41,2.56,8.29,1.0
53.804,19.325,2.444,7.559,0.888,1.0,4.51,5.34,2.54,1.0
56.331,30.273,3.443,6.833,1.543,1.0,7.88,7.84,3.33,1.0
46.522,21.803,2.213,2.223,3.937,5.95,4.72,5.35,5.28,6.18
63.996,33.332,2.144,6.987,4.623,1.0,8.77,4.57,6.21,1.0
61.801,23.659,2.864,7.387,6.65,1.0,5.14,6.18,8.32,1.74
65.479,14.027,2.671,1.02,3.704,8.3,1.84,6.0,5.03,6.89
48.026,20.244,1.471,1.014,3.667,7.93,4.04,2.9,5.21,5.38
58.445,29.473,3.983,3.949,2.495,2.98,7.35,9.43,4.28,4.33
59.583,14.252,2.353,1.622,2.826,6.82,2.15,5.4,4.72,6.33
51.604,21.714,3.185,4.939,4.487,1.0,4.6,7.26,5.65,4.36
52.311,11.01,2.012,7.934,1.515,1.0,1.75,4.25,2.76,1.0
64.305,32.892,1.259,7.771,0.036,1.0,8.37,2.64,1.59,1.0
58.011,11.175,3.865,2.766,3.474,5.12,1.51,8.47,4.91,6.19
66.95,27.459,3.068,5.795,1.759,1.0,6.32,7.09,3.72,2.15
54.701,22.997,2.34,2.669,5.048,5.2,5.16,5.62,6.71,5.78
64.85,31.658,1.712,1.809,5.578,6.24,8.02,3.77,6.37,5.11
65.767,13.592,1.321,2.596,3.362,4.75,2.27,3.52,4.86,5.43
63.653,19.738,1.176,4.474,6.567,1.35,3.98,2.59,7.91,4.86
66.63,24.521,0.834,7.844,3.621,1.0,6.35,1.69,4.9,1.0
60.966,25.852,3.165,3.65,1.898,3.5,6.09,7.43,3.15,4.38
53.632,16.074,3.537,2.125,4.926,6.45,3.3,8.09,6.86,7.21
49.177,33.993,0.772,3.019,2.06,4.53,8.86,1.98,2.82,3.04
64.603,19.446,1.942,1.888,2.467,6.87,3.79,4.16,4.26,5.79
44.19,29.857,2.528,7.787,0.382,1.0,7.94,5.35,1.2,1.0
52.039,26.733,3.027,5.216,2.84,1.0,5.86,6.9,4.24,3.02
46.936,21.379,3.317,1.129,3.702,7.83,4.73,7.66,5.52,6.72
57.714,20.142,3.985,2.027,2.739,5.79,4.01,8.81,4.82,5.35
66.588,23.553,1.585,1.561,1.288,6.81,5.82,3.7,2.72,4.67
49.832,20.741,3.538,6.913,2.774,1.0,4.93,7.56,4.36,1.2
64.138,10.658,1.64,6.185,0.632,1.0,1.21,3.56,2.13,1.68
63.924,22.807,1.974,7.175,5.094,1.0,5.22,4.19,6.85,1.46
59.971,33.329,3.663,1.964,0.994,6.2,8.76,8.06,3.3,4.36
47.323,21.993,0.807,5.751,0.271,1.0,4.43,1.83,1.19,1.58
64.581,12.62,2.105,2.672,4.328,4.97,1.63,4.88,5.91,6.15
54.028,14.763,3.842,6.323,1.356,1.0,2.48,8.73,3.01,2.2
62.173,15.808,3.707,4.784,3.508,1.0,2.48,8.26,5.3,4.11
53.819,23.074,1.047,7.52,7.239,1.0,4.97,2.47,8.37,1.0
65.923,31.219,3.536,1.927,2.548,6.71,7.63,8.35,4.03,5.24
61.065,12.873,2.511,7.87,6.387,1.0,1.98,5.51,8.4,2.33
45.039,30.512,0.56,5.352,1.084,1.0,7.71,1.0,2.2,1.0
45.377,25.886,3.946,3.394,2.438,3.45,6.26,8.86,4.04,4.68
65.497,27.259,0.946,2.036,3.664,6.4,6.16,1.64,5.21,4.38
50.953,11.765,0.64,4.305,1.54,2.2,1.73,1.47,3.03,3.83
51.431,26.726,3.552,1.751,2.29,7.23,5.98,8.27,4.5,5.72
41.236,19.749,0.508,6.776,6.446,1.0,3.8,1.0,7.67,1.54
59.025,26.57,1.226,1.887,1.476,6.21,5.94,2.75,2.56,4.11
64.125,10.525,0.89,4.106,6.151,2.97,1.25,2.04,7.68,5.66
66.919,19.302,3.61,5.125,1.474,1.0,4.47,8.25,3.63,3.44
45.843,14.821,3.358,6.048,5.634,1.0,2.91,7.61,7.33,3.19
65.72,29.393,0.648,7.296,4.107,1.0,7.24,1.52,5.34,1.0
45.302,34.196,0.948,1.757,6.634,6.81,8.54,1.98,7.4,5.61
51.206,34.529,3.584,1.45,0.377,7.6,9.06,8.15,2.4,4.85
51.468,25.637,2.205,5.778,4.592,1.0,6.14,4.95,6.53,2.74
57.119,14.849,1.785,6.994,4.615,1.0,2.31,3.79,5.85,1.51
55.334,24.863,1.032,6.283,5.388,1.0,5.93,2.48,6.9,1.77
55.872,13.287,3.487,2.049,7.123,6.38,2.13,7.61,8.77,7.4
55.696,27.675,2.147,3.526,6.22,3.5,6.36,4.8,7.58,5.05
67.956,34.094,2.18,3.574,2.118,3.62,9.21,4.67,3.64,3.92
47.397,18.567,1.723,7.98,2.069,1.0,3.71,3.59,3.49,1.0
46.249,21.146,3.897,2.937,1.043,4.82,4.8,8.92,2.65,5.26
64.481,22.102,1.337,4.622,0.743,1.39,5.29,3.24,2.19,2.74
49.116,21.179,3.15,2.092,4.811,6.37,4.12,6.57,6.52,6.48
60.262,30.119,0.848,7.948,2.182,1.0,7.94,1.61,3.22,1.0
67.71,28.105,3.084,4.049,4.887,3.06,6.78,7.39,6.02,5.35
42.099,18.869,1.036,2.526,0.091,5.32,4.0,2.4,1.53,3.65
63.453,23.19,1.019,6.301,0.203,1.0,5.02,2.4,1.57,1.0
41.053,30.442,1.717,4.831,5.026,1.0,7.28,3.78,6.12,3.51
55.272,24.258,3.385,4.258,3.641,2.66,5.87,7.58,4.78,5.23
53.164,29.309,2.913,3.743,0.472,3.54,7.02,6.59,2.19,3.98
60.716,14.86,0.704,5.399,3.071,1.0,2.23,1.46,4.66,2.81
63.377,14.353,3.062,2.906,4.557,4.47,3.3,7.21,6.06,5.7
41.417,22.06,1.682,4.982,6.64,1.0,5.15,4.28,7.8,3.47
42.237,32.366,1.534,1.382,3.815,6.78,8.35,3.53,4.57,5.33
58.145,24.694,0.956,2.143,2.58,6.3,6.19,2.65,3.9,5.18
61.371,12.436,0.914,5.723,0.508,1.0,1.82,1.83,1.68,1.14
44.523,18.261,3.876,5.607,3.152,1.0,3.73,8.7,4.87,2.94
58.443,34.359,0.823,5.222,4.161,1.0,8.53,2.1,5.53,1.94
44.526,16.62,3.35,7.23,7.456,1.0,3.06,7.46,9.41,2.85
53.852,32.477,3.991,4.299,0.403,1.77,7.86,9.02,2.44,3.47
69.408,28.097,1.573,5.888,7.582,1.0,6.56,3.92,9.15,3.49
65.306,10.232,3.894,6.41,2.422,1.0,1.13,8.6,4.51,2.66
60.757,11.818,1.386,7.503,6.701,1.0,1.69,3.07,8.01,1.3
53.884,29.657,1.929,3.796,4.608,3.39,6.88,4.44,6.36,4.61
67.503,30.091,3.93,2.165,2.462,6.06,7.37,8.93,3.92,4.83
61.977,24.754,1.088,6.565,2.973,1.0,5.39,2.59,4.15,1.0
40.063,31.11,3.941,3.838,1.943,3.36,7.46,8.87,3.86,4.15
60.188,22.682,0.663,6.703,2.236,1.0,4.83,1.86,3.52,1.0
57.362,33.025,1.007,4.523,1.436,1.72,8.61,2.13,2.65,2.52
54.37,24.548,1.938,5.031,2.15,1.0,4.91,4.75,3.23,3.26
53.084,20.118,3.659,4.178,5.965,2.92,4.24,7.99,7.73,6.06
50.899,10.254,3.649,3.473,6.98,3.77,1.03,7.49,9.0,7.54
48.524,23.912,1.081,6.75,7.371,1.0,5.07,2.06,8.69,1.55
63.161,14.741,1.711,6.056,4.336,1.0,2.49,3.83,5.32,2.83
61.475,22.444,3.343,7.4,6.141,1.0,5.09,7.75,7.85,1.8
44.885,22.254,3.368,1.412,1.802,7.15,4.67,7.63,3.51,6.17
62.821,16.152,1.014,4.567,4.978,1.24,2.78,2.0,6.77,4.27
63.575,16.177,3.202,6.788,3.218,1.0,3.07,7.22,5.17,2.01
62.158,17.552,2.03,6.767,7.8,1.0,3.3,4.31,9.31,2.27
46.864,26.728,3.926,1.796,0.064,6.53,5.99,9.32,2.14,4.9
49.906,34.645,3.299,1.369,4.845,7.21,9.0,7.54,5.98,6.41
48.284,20.778,1.518,1.164,5.287,7.43,4.04,3.7,6.21,6.13
66.928,27.948,1.288,2.524,0.06,5.8,6.66,2.94,1.3,3.75
67.754,31.385,0.563,1.756,7.813,6.64,7.52,1.0,9.19,6.03
58.557,32.061,2.914,5.932,6.053,1.0,7.76,6.67,7.44,2.8
44.179,29.257,3.773,4.39,2.777,1.97,7.17,8.58,4.84,3.99
44.126,20.152,0.886,4.452,0.886,1.82,4.41,1.65,1.94,2.54
50.976,25.398,1.768,6.235,3.189,1.0,5.8,4.45,4.05,1.33
43.464,22.428,1.812,2.23,4.172,6.04,4.63,3.92,5.44,5.36
55.355,15.887,0.93,7.346,5.756,1.0,3.49,1.93,6.69,1.0
47.781,33.058,3.665,4.065,1.094,3.09,7.67,8.67,3.23,3.58
43.314,23.286,1.942,7.177,2.912,1.0,5.9,4.24,4.0,1.0
45.643,10.645,3.583,6.048,6.346,1.0,1.0,7.88,8.07,3.89
49.719,30.52,2.195,4.79,2.365,1.0,7.74,4.42,3.4,3.17
59.966,32.243,3.255,4.149,4.973,3.37,8.36,7.34,6.65,5.03
49.359,22.039,3.495,5.895,6.789,1.0,4.61,7.62,7.98,3.82
55.718,31.286,1.631,6.117,5.503,1.0,7.85,3.35,6.81,2.03
50.013,10.849,1.075,1.703,7.533,6.61,1.12,2.39,8.37,6.82
42.65,21.237,1.429,6.971,0.238,1.0,4.8,3.53,2.04,1.0
42.649,18.691,3.98,6.542,6.673,1.0,3.53,8.93,8.28,3.12
47.569,14.952,1.914,3.201,5.65,4.78,2.42,4.03,7.41,6.45
46.548,31.011,1.063,2.731,0.991,5.5,8.12,2.87,3.19,4.23
41.881,15.97,2.769,2.076,6.424,6.63,2.77,5.82,8.27,7.35
63.333,31.095,1.858,3.81,6.365,3.42,7.85,3.98,7.8,4.73
54.884,30.933,3.601,3.447,4.418,4.34,7.78,7.94,6.43,5.11
48.228,16.738,2.513,5.102,0.796,1.0,3.12,5.33,2.4,2.86
64.295,18.651,1.491,2.156,1.762,6.15,3.44,3.47,3.11,4.67
50.13,32.839,2.748,5.009,5.979,1.0,8.36,6.69,7.49,3.82
45.868,20.229,1.428,5.096,7.811,1.0,3.71,2.92,9.36,4.0
50.259,29.506,3.997,1.122,2.287,7.66,7.47,8.78,4.06,5.64
60.183,13.96,2.674,2.981,5.765,5.24,2.49,6.03,6.98,6.23
48.493,13.225,3.301,2.509,3.129,5.23,2.01,7.65,4.88,5.76
47.97,20.04,2.003,4.57,7.138,1.5,4.37,4.57,8.36,5.12
66.434,22.776,3.318,6.085,2.917,1.0,4.9,7.11,4.56,1.95
56.174,28.532,0.539,6.97,2.829,1.0,6.84,1.09,4.07,1.0
62.313,25.677,1.812,5.409,5.3,1.0,5.57,4.22,6.62,3.59
66.934,26.958,3.178,1.881,7.188,6.17,6.58,7.01,9.38,6.76
48.219,10.228,2.769,2.038,4.946,6.13,1.32,6.19,6.66,7.35
56.003,14.288,1.065,7.003,0.42,1.0,2.24,2.1,1.95,1.0
43.996,28.4,1.478,2.717,2.387,4.98,6.88,2.93,3.42,3.86
68.856,15.042,2.116,6.722,3.327,1.0,2.84,4.89,4.62,2.1
64.374,33.169,2.926,5.266,1.614,1.0,8.48,6.19,3.26,2.63
59.542,24.165,2.179,5.144,2.754,1.0,5.9,4.09,4.11,2.95
46.068,32.273,2.516,7.207,2.847,1.0,7.77,5.78,4.33,1.0
69.125,16.161,2.716,7.665,3.474,1.0,2.74,6.23,4.8,1.0
41.066,16.995,1.27,4.261,6.353,2.36,3.31,2.18,8.15,4.94
52.697,13.524,0.711,6.624,4.184,1.0,2.0,1.65,5.52,1.18
68.332,26.913,2.158,6.789,6.394,1.0,6.55,4.75,7.72,2.27
49.576,29.283,1.583,1.268,1.566,6.29,7.35,3.59,2.62,4.61
63.307,17.547,2.387,4.357,3.588,1.97,3.44,5.5,5.58,4.75
69.253,29.217,1.94,5.019,2.929,1.0,6.66,4.26,4.78,3.7
61.058,26.906,2.993,5.868,2.052,1.0,6.17,6.55,3.89,1.87
49.076,29.46,3.911,5.426,0.036,1.0,6.86,8.61,1.67,2.31
69.06,13.85,1.631,4.472,4.454,1.44,1.82,3.24,5.2,4.2
51.871,21.927,1.893,6.41,7.145,1.0,4.92,4.76,8.21,2.42
68.539,27.008,1.966,4.137,5.546,2.78,6.46,4.26,6.58,4.35
43.882,30.181,3.205,3.966,4.317,2.62,7.7,7.1,5.93,4.24
68.112,15.845,2.176,4.879,1.603,1.0,2.82,4.54,3.19,3.8
62.713,15.821,2.462,3.092,1.693,4.27,3.32,4.83,3.28,5.05
41.384,25.416,0.638,4.923,7.768,1.0,6.04,1.06,8.57,4.01
59.886,20.365,0.872,1.299,1.459,7.61,4.42,2.07,2.88,5.3
46.797,34.977,1.154,2.412,5.338,5.78,9.36,1.87,6.67,5.29
55.584,10.23,0.826,4.443,0.872,1.23,1.0,1.69,1.64,3.44
55.32,14.122,3.397,4.939,2.826,1.0,2.29,7.7,4.34,3.99
43.226,30.976,1.631,3.658,3.781,3.42,8.0,3.16,5.18,4.32
64.452,27.313,3.194,7.316,5.797,1.0,6.63,7.32,7.35,1.45
68.874,19.548,1.456,4.852,6.662,1.0,4.38,3.44,8.22,4.36
57.666,20.208,2.745,5.844,1.699,1.0,4.09,6.9,2.8,2.42
52.128,23.585,1.145,4.469,1.356,1.81,4.85,2.17,2.27,2.59
59.676,11.475,1.381,5.838,5.454,1.0,1.75,2.59,6.83,2.81
51.872,34.066,2.455,6.085,0.069,1.0,9.01,5.84,1.71,1.0
57.857,23.559,2.082,3.992,2.618,3.65,5.74,4.88,3.86,4.93
52.98,26.968,1.702,1.625,0.732,6.3,6.31,4.06,2.24,5.18
44.586,19.451,3.96,4.662,1.954,1.01,4.0,9.14,3.77,4.35
65.635,10.088,1.485,6.612,6.777,1.0,1.44,3.12,7.83,2.36
50.78,14.562,0.77,5.472,5.884,1.0,2.16,1.93,7.55,2.99
43.069,23.864,2.468,2.325,5.304,5.76,5.75,5.58,7.47,6.72
41.117,27.531,0.661,7.194,2.167,1.0,6.43,1.7,3.79,1.0
53.678,30.96,3.203,3.71,4.871,3.3,7.67,7.2,6.4,4.48
43.844,10.327,3.119,7.771,6.246,1.0,1.27,6.12,8.09,2.03
61.112,17.07,3.35,6.693,2.426,1.0,3.12,7.78,4.7,1.92
41.902,34.666,3.761,7.11,4.626,1.0,8.83,8.46,6.53,1.1
40.091,13.86,3.83,7.726,3.962,1.0,2.55,8.94,5.4,1.19
42.674,15.201,1.295,5.256,6.937,1.0,2.66,2.47,8.23,3.91
64.176,26.147,3.189,7.1,0.487,1.0,6.66,6.82,1.9,1.0
61.036,34.019,3.448,6.412,2.398,1.0,8.58,7.64,4.12,1.1
65.802,11.74,1.674,1.668,4.644,6.93,1.24,3.83,6.09,6.34
64.049,25.53,2.628,7.743,2.792,1.0,6.11,5.46,4.5,1.0
46.859,12.014,0.634,1.328,6.627,6.86,1.7,1.09,8.55,6.97
55.261,32.456,1.021,2.049,6.048,6.33,8.5,1.99,7.89,5.14
56.217,11.133,3.829,1.602,7.54,7.05,1.64,8.67,9.3,8.34
48.811,22.678,2.011,6.417,2.427,1.0,5.07,4.41,3.73,1.24
51.076,28.664,1.769,5.335,2.818,1.0,6.4,3.77,4.09,2.64
48.108,33.871,1.506,6.052,0.654,1.0,8.78,3.11,1.74,1.0
42.799,34.68,2.307,2.235,0.402,5.36,7.92,5.3,2.13,4.18
62.594,33.242,2.016,7.734,7.906,1.0,8.3,4.41,9.68,1.07
61.916,17.424,1.582,2.786,2.769,5.06,3.56,3.65,3.73,4.99
40.109,17.716,0.939,7.549,7.868,1.0,3.48,1.73,8.8,1.0
47.189,25.425,1.273,4.766,5.531,1.09,6.07,2.31,6.99,3.64
48.092,16.958,2.569,5.681,1.006,1.0,3.3,5.42,2.66,2.48
63.75,20.768,1.967,5.977,5.631,1.0,4.46,4.03,7.48,3.16
55.223,15.668,3.937,1.858,0.582,6.46,3.27,9.21,2.3,5.29
53.971,34.205,3.692,3.405,0.308,4.41,8.67,7.86,2.2,4.02
47.887,24.055,2.228,5.353,1.076,1.0,5.67,5.0,2.39,2.33
58.095,31.527,3.873,5.754,5.569,1.0,8.33,8.79,7.6,3.33
66.282,17.192,0.894,6.127,3.092,1.0,3.09,1.74,4.32,1.93
69.799,14.658,3.131,5.54,0.772,1.0,3.05,7.69,2.08,2.27
40.807,13.951,2.205,7.949,3.872,1.0,2.76,5.12,5.25,1.0
55.739,15.276,3.613,4.566,7.489,1.13,3.04,8.61,8.76,5.45
41.307,18.683,2.839,1.064,0.218,7.65,3.52,5.96,1.46,5.74
65.31,17.949,1.859,6.923,1.341,1.0,3.19,4.3,3.08,1.0
59.149,12.124,2.317,7.905,1.178,1.0,1.89,5.15,2.6,1.0
51.879,28.949,2.134,2.609,1.687,5.26,7.66,4.78,3.34,4.8
49.209,22.688,2.695,4.82,0.988,1.0,5.44,5.79,3.04,3.88
41.84,20.599,1.587,7.235,6.548,1.0,4.59,3.39,7.88,1.59
66.896,17.131,0.857,4.853,3.036,1.0,3.48,2.26,4.31,3.3
67.321,14.346,3.403,2.239,4.387,6.44,2.16,7.74,6.34,7.3
68.528,12.751,2.229,7.123,3.638,1.0,1.77,4.74,5.41,1.39
67.591,27.51,3.492,1.457,2.427,7.69,6.6,7.79,4.19,5.08
40.954,14.851,1.842,5.393,4.236,1.0,2.89,4.21,5.49,4.03
66.284,18.048,2.255,5.978,1.596,1.0,3.46,5.4,2.38,1.97
41.266,31.436,1.549,3.011,6.761,4.34,7.76,3.49,8.32,5.38
69.419,28.814,3.172,6.119,6.435,1.0,7.52,6.94,8.03,2.82
62.765,16.248,2.377,5.138,6.298,1.0,2.56,5.45,7.43,4.75
66.839,16.51,2.236,2.157,1.605,6.06,3.06,5.49,3.54,6.15
62.549,22.487,2.505,4.041,3.463,2.88,4.44,6.2,5.08,4.99
67.185,15.525,2.767,2.625,6.755,6.05,2.56,5.9,8.12,6.9
62.226,34.634,1.379,2.857,3.075,4.51,9.09,2.71,4.18,3.48
67.152,12.144,1.233,4.972,0.954,1.0,1.63,2.37,2.14,3.57
40.835,32.166,1.952,5.336,5.917,1.0,8.39,4.42,7.8,2.9
60.403,23.338,0.59,4.937,0.007,1.0,5.2,1.36,1.0,2.32
65.39,11.645,1.564,2.526,5.329,5.71,1.59,3.25,6.87,5.8
66.625,24.337,1.852,1.643,2.155,7.07,5.68,4.93,3.43,5.08
41.254,21.81,1.713,4.66,2.389,1.0,4.31,4.07,3.92,3.95
54.348,20.281,3.831,7.268,5.415,1.0,4.68,8.54,7.53,1.05
57.485,13.16,2.763,2.697,4.842,5.28,1.86,6.41,6.6,6.47
46.67,32.551,2.739,6.872,6.47,1.0,8.26,6.26,8.4,1.83
52.95,29.803,3.823,7.851,5.932,1.0,7.59,9.07,8.17,1.0
65.111,11.231,1.321,2.742,6.194,5.22,1.29,2.81,7.73,6.14
69.365,13.837,3.895,7.217,0.643,1.0,2.62,8.62,2.15,1.0
60.063,18.124,0.731,2.144,3.741,6.3,3.18,1.31,4.87,5.59
67.546,14.672,2.683,6.726,5.65,1.0,2.87,6.42,7.38,2.8
44.366,33.128,2.432,6.648,1.981,1.0,8.08,5.83,3.11,1.0
53.542,26.551,2.731,1.756,3.79,7.21,6.44,5.92,5.16,5.97
42.629,22.771,2.958,7.709,1.007,1.0,5.64,6.25,2.44,1.0
45.487,33.948,2.599,5.908,0.739,1.0,8.55,5.16,2.59,2.03
56.141,25.934,0.938,6.653,3.342,1.0,5.93,1.99,4.03,1.0
60.352,10.81,2.714,5.953,7.374,1.0,1.59,6.55,9.23,4.31
48.144,15.324,3.676,2.346,3.642,5.93,3.32,8.37,5.5,6.55
59.212,20.305,3.245,3.443,1.944,4.44,3.6,7.88,3.57,5.28
66.395,25.96,0.932,6.808,5.966,1.0,5.66,1.89,7.16,1.0
62.606,14.829,2.18,2.739,1.317,5.16,2.4,5.07,3.0,5.02
57.111,16.278,3.36,3.078,2.915,4.6,2.26,7.75,4.73,5.85
61.187,13.3,3.77,5.674,4.308,1.0,1.54,7.97,6.08,3.81
49.929,16.433,2.196,3.199,7.484,4.29,3.08,5.39,8.67,6.38
58.491,11.553,1.873,6.631,2.807,1.0,1.24,4.02,4.52,2.23
60.77,16.404,0.977,5.986,0.749,1.0,3.64,1.95,1.29,1.0
41.36,31.329,1.868,2.302,5.682,6.14,8.11,4.08,7.25,5.66
41.099,34.919,1.452,6.645,5.414,1.0,9.25,2.64,6.33,1.19
50.332,27.028,2.502,5.755,6.793,1.0,6.32,5.51,8.28,3.81
64.311,29.815,3.073,4.113,6.211,3.17,7.22,6.8,7.73,5.34
52.761,18.393,2.0,5.496,7.432,1.0,3.72,4.23,8.6,3.91
65.863,15.321,1.29,3.874,4.403,3.73,2.85,2.36,5.76,4.77
48.796,32.83,2.44,6.551,2.742,1.0,8.18,6.12,4.44,1.38
49.138,17.03,3.22,7.277,2.71,1.0,3.7,6.9,4.6,1.39
66.477,20.53,0.801,4.331,0.709,1.77,4.62,1.59,2.36,2.84
51.374,31.954,1.112,5.359,1.328,1.0,7.98,2.58,2.46,1.86
55.216,12.267,1.506,5.523,5.711,1.0,2.47,3.56,6.91,3.25
63.868,23.137,1.962,1.351,2.841,7.43,4.91,4.26,4.09,5.95
50.081,11.352,3.389,6.637,1.4,1.0,1.28,7.88,3.4,2.28
40.149,22.924,2.372,4.487,4.211,1.67,5.19,4.82,4.97,3.96
57.556,29.36,3.025,7.314,0.736,1.0,7.41,7.03,2.86,1.0
50.489,15.897,1.007,2.281,2.43,5.81,3.0,2.72,3.7,4.75
53.617,26.251,3.574,4.198,5.841,2.53,5.81,7.89,7.54,4.66
48.776,18.658,1.57,7.833,6.635,1.0,3.77,4.11,7.11,1.0
59.667,23.891,1.665,7.661,3.608,1.0,5.59,3.91,4.71,1.0
54.75,27.549,1.688,2.59,6.741,5.49,6.07,3.75,8.18,6.17
64.504,30.188,1.308,5.099,7.444,1.0,7.55,3.02,8.7,3.68
50.906,22.865,3.287,6.318,0.167,1.0,4.82,7.1,2.31,1.0
47.288,26.415,1.925,4.374,1.597,1.79,7.17,3.92,3.05,3.05
55.944,18.745,2.95,2.284,1.653,5.66,3.65,6.64,2.74,5.41
63.035,33.079,3.963,7.159,6.919,1.0,8.63,8.95,8.84,1.8
68.063,29.399,2.802,4.405,7.003,2.55,6.8,6.31,8.73,4.8
47.874,34.178,1.351,7.891,7.697,1.0,8.69,2.45,9.08,1.0
42.055,24.99,1.873,4.306,0.924,2.61,6.04,4.25,2.22,3.99
51.508,11.992,1.484,2.935,6.447,4.86,1.75,3.05,7.79,6.37
62.317,31.659,2.023,4.88,2.944,1.0,8.53,4.26,4.01,3.17
58.1,10.901,3.161,2.596,7.542,5.58,1.47,6.93,9.08,7.3
62.98,11.805,0.688,1.238,2.238,7.17,1.0,1.23,2.97,5.02
55.433,13.629,3.684,2.754,1.712,5.29,1.81,8.71,3.62,5.73
49.999,17.486,0.986,2.172,7.581,5.88,3.15,1.85,8.77,6.2
58.652,26.618,2.341,3.868,2.476,3.64,6.8,5.14,4.23,3.85
62.508,28.021,2.455,3.531,1.287,3.97,7.09,5.51,2.42,3.8
58.943,24.3,3.444,4.244,4.382,2.11,5.47,7.39,5.79,4.5
40.646,19.739,0.501,1.392,6.431,7.07,4.38,1.0,7.63,6.1
49.875,20.408,0.986,3.107,5.696,4.46,4.43,2.41,7.09,5.49
53.651,13.405,3.573,7.96,0.395,1.0,1.88,7.92,2.92,1.0
50.194,32.24,3.61,2.317,7.919,5.81,8.39,7.93,9.93,6.98
44.608,19.592,2.802,2.124,7.834,5.66,4.14,6.52,9.44,7.1
60.269,20.948,2.155,5.231,2.125,1.0,4.17,5.2,3.82,2.98
40.474,19.455,3.809,5.765,7.96,1.0,3.94,8.16,10.0,4.13
54.476,31.67,2.027,4.561,3.939,1.25,7.96,4.45,5.02,3.28
40.927,18.64,2.939,1.831,5.377,7.12,3.63,6.32,7.12,7.05
49.182,20.385,2.018,2.71,3.566,5.06,5.3,3.97,5.05,5.04
68.854,16.564,1.719,7.443,5.988,1.0,2.97,3.41,7.31,1.0
68.027,30.739,1.545,5.28,3.319,1.0,8.21,3.11,4.46,2.64
52.62,34.83,0.867,5.509,1.885,1.0,9.38,1.24,2.81,1.0
43.648,21.344,3.574,4.454,6.107,1.92,4.47,8.19,8.25,5.53
68.471,20.611,3.296,3.528,1.328,4.09,4.08,7.53,2.61,4.99
68.391,27.783,2.758,7.175,0.521,1.0,7.25,5.77,2.27,1.0
51.033,26.996,3.435,6.353,5.741,1.0,6.7,8.26,7.68,2.66
41.594,26.941,3.26,6.467,1.516,1.0,6.48,7.08,3.27,1.26
43.721,28.965,3.523,1.31,3.234,7.45,7.06,7.47,4.83,6.16
66.921,23.461,1.323,1.054,0.121,8.22,5.41,2.77,1.65,4.56
42.478,24.696,1.331,7.525,5.229,1.0,5.63,2.8,6.61,1.0
52.757,14.209,1.659,3.547,1.673,3.72,2.02,3.31,2.66,4.47
48.391,25.495,2.845,6.682,7.857,1.0,5.96,6.37,9.24,2.84
46.762,25.082,1.347,3.02,2.986,5.02,5.69,2.75,3.84,4.35
42.735,10.511,2.111,1.668,2.135,6.71,1.0,4.94,3.86,6.54
40.031,10.135,3.24,1.094,3.267,7.92,1.0,7.17,5.04,6.84
45.03,27.973,1.044,4.605,2.036,1.3,6.98,2.18,3.54,2.2
58.154,27.434,0.933,3.254,6.734,4.78,6.62,2.15,8.07,5.25
49.881,23.266,1.334,2.31,0.782,5.75,5.47,2.92,2.35,3.87
61.096,16.376,0.584,4.847,0.218,1.0,2.72,1.13,1.5,2.18
53.644,12.841,2.194,3.343,6.63,4.5,1.88,4.87,7.88,6.65
61.518,29.372,1.891,3.251,5.452,4.56,6.69,4.18,6.77,5.34
45.76,19.578,1.023,5.515,6.164,1.0,3.76,2.18,7.3,3.19
46.803,15.162,0.73,5.776,7.008,1.0,2.02,1.3,7.83,3.14
68.323,21.69,2.45,6.295,2.007,1.0,5.13,6.0,2.92,1.22
67.346,28.401,2.639,2.643,5.301,5.43,7.03,6.21,6.68,5.89
57.176,26.925,3.046,1.353,7.64,7.55,6.37,6.43,9.55,7.53
69.368,21.143,3.99,5.789,0.556,1.0,4.24,9.6,2.6,2.69
65.979,22.709,2.349,3.509,4.337,3.96,5.58,5.66,6.18,5.64
66.288,32.522,0.559,1.818,6.079,7.08,7.92,1.26,7.12,5.4
55.815,16.814,3.563,1.327,5.01,7.85,2.83,7.61,6.89,7.46
43.496,25.017,2.051,4.784,3.963,1.0,6.17,4.06,5.25,3.19
58.84,28.311,2.631,4.914,0.556,1.0,6.51,6.16,2.27,2.7
68.909,19.623,2.262,6.051,4.502,1.0,3.78,4.97,6.15,2.63
53.208,20.899,0.796,5.908,4.94,1.0,4.38,1.68,6.18,2.12
55.845,12.179,1.739,3.848,1.514,3.88,2.26,3.96,3.39,4.95
43.105,25.296,2.963,3.188,2.397,4.81,6.15,6.61,4.14,5.47
49.929,28.301,3.616,2.892,2.193,5.22,6.4,8.28,4.11,5.07
44.254,13.65,3.62,7.263,5.305,1.0,2.04,7.96,6.9,2.03
67.167,16.676,2.865,7.756,0.11,1.0,3.47,6.92,1.26,1.0
69.859,32.105,0.805,2.008,6.17,5.95,8.14,2.04,7.46,5.35
66.817,18.546,2.632,7.654,2.36,1.0,3.71,6.41,3.25,1.0
60.912,25.073,1.762,4.464,4.868,1.64,6.01,3.67,6.35,4.47
56.239,13.634,1.897,3.089,0.657,4.53,1.91,4.35,1.94,4.25
51.158,10.658,1.26,3.224,6.583,4.57,1.44,3.33,8.31,5.81
48.799,15.822,1.073,5.786,0.951,1.0,3.1,2.16,2.41,1.9
62.635,27.923,1.333,7.926,7.42,1.0,6.68,3.01,8.88,1.0
41.04,30.964,1.195,7.743,0.982,1.0,7.92,2.71,2.62,1.0
66.421,15.943,3.136,7.512,0.838,1.0,2.96,7.07,2.24,1.0
51.388,22.83,2.497,2.592,1.844,5.24,5.29,5.91,3.32,4.59
48.99,28.51,3.652,2.191,1.649,6.22,6.58,8.33,3.91,5.41
63.117,25.439,1.907,1.547,1.121,7.55,6.32,4.6,2.68,5.46
53.848,22.196,3.792,1.733,5.787,6.66,4.58,8.12,7.53,7.42
67.542,32.018,3.478,3.269,0.786,4.65,8.09,8.0,2.14,4.06
55.861,15.079,2.663,1.713,5.53,6.48,2.53,6.05,7.51,7.16
66.561,16.024,3.641,1.218,7.292,7.82,3.04,7.74,8.95,7.58
55.525,13.519,2.275,1.519,5.373,7.45,2.48,5.38,6.56,7.09
68.898,19.986,1.35,6.65,3.06,1.0,4.34,3.1,4.27,1.0
47.722,21.139,1.668,1.272,3.593,7.53,4.5,3.77,5.17,5.71
48.17,21.387,1.807,4.486,7.467,1.64,4.68,4.01,8.74,5.49
69.791,22.525,1.391,3.285,7.433,4.09,5.0,2.94,8.74,5.49
65.248,12.49,3.887,2.653,2.411,5.23,1.7,8.8,4.24,6.39
44.785,26.203,3.554,6.021,2.451,1.0,6.12,8.2,3.97,1.83
62.118,24.14,0.934,2.959,5.538,4.81,5.52,1.84,6.62,4.9
52.549,12.73,0.638,2.292,6.773,6.53,1.88,1.3,7.69,6.25
43.646,12.465,1.929,5.898,5.412,1.0,2.13,4.07,7.23,3.36
62.124,29.415,1.212,6.857,3.657,1.0,7.44,3.09,4.84,1.0
69.742,29.937,1.905,1.44,2.315,6.72,7.53,3.88,3.36,5.25
65.335,21.672,2.16,1.558,7.114,6.99,4.8,5.01,8.64,7.33
62.488,26.569,0.603,6.849,0.637,1.0,6.25,1.04,1.48,1.0
52.196,24.749,2.306,7.636,3.688,1.0,5.1,5.12,5.13,1.0
42.078,25.505,3.799,7.835,3.833,1.0,5.86,8.06,5.51,1.0
45.627,15.061,1.508,2.712,2.381,4.83,2.51,3.51,4.27,5.21
63.263,11.446,1.524,5.736,4.307,1.0,2.03,3.46,6.12,3.35
56.957,33.944,3.622,1.863,7.797,6.41,8.49,7.87,9.48,6.73
66.613,20.357,0.77,7.669,5.689,1.0,4.64,1.89,7.05,1.0
69.176,20.8,2.327,1.956,1.395,6.39,4.56,5.3,2.43,5.27
67.55,34.761,2.951,7.497,0.003,1.0,8.4,6.96,1.45,1.0
60.71,28.423,0.688,2.209,5.176,6.2,6.5,1.21,6.4,4.97
46.093,10.697,0.986,3.333,3.487,4.15,1.86,2.09,4.92,5.16
62.741,24.367,3.073,1.527,0.93,7.59,5.69,6.9,2.54,5.55
53.609,32.409,1.528,1.57,5.055,6.89,8.53,3.62,5.86,5.17
63.248,26.988,0.567,6.756,0.605,1.0,6.53,1.0,1.44,1.0
54.194,32.74,1.997,7.027,7.387,1.0,8.55,4.19,8.61,1.13
55.936,12.061,2.075,4.507,0.862,1.18,2.54,4.28,2.95,3.66
58.542,22.486,2.2,1.544,5.19,7.52,4.94,5.51,6.34,6.23
47.921,26.143,0.96,7.95,3.121,1.0,6.27,1.55,4.97,1.0
66.542,29.85,1.82,6.292,6.589,1.0,6.87,4.29,7.98,2.44
67.287,15.334,3.204,6.641,6.719,1.0,2.43,6.96,8.11,2.48
57.215,28.026,1.316,4.582,4.589,1.0,6.53,3.04,6.2,3.87
56.861,28.377,0.865,4.985,1.415,1.0,6.7,1.74,2.45,2.07
57.986,28.998,2.913,1.879,5.797,6.74,6.55,6.55,7.27,7.11
62.223,23.178,1.355,4.935,0.185,1.0,5.22,3.36,1.0,2.18
50.802,26.181,1.57,4.97,1.082,1.0,6.0,2.95,2.46,2.36
44.227,27.133,2.899,7.352,5.863,1.0,6.36,5.74,7.36,1.5
43.15,15.656,2.463,7.674,4.808,1.0,3.33,5.22,6.03,1.58
60.322,25.206,2.196,3.231,1.607,4.55,5.8,4.5,3.13,4.23
53.111,16.142,1.157,3.167,2.466,3.94,2.88,2.72,3.67,4.07
58.77,23.709,3.47,2.703,6.891,5.38,5.41,7.79,8.59,6.23
63.636,27.699,3.619,5.242,6.43,1.0,6.98,8.02,8.24,4.27
59.655,26.644,1.624,3.422,3.217,4.44,6.46,3.46,5.36,4.72
46.759,15.319,2.595,2.281,3.2,5.95,2.81,5.29,4.69,6.32
66.055,16.83,3.482,2.722,5.173,5.28,2.89,7.53,6.73,6.65
67.049,13.978,1.815,5.272,5.85,1.0,2.48,3.93,7.39,3.88
46.099,17.182,3.526,1.19,6.788,7.89,3.64,8.15,8.56,7.49
47.075,10.437,0.6,5.203,7.081,1.0,1.74,1.0,8.05,3.26
47.119,21.42,2.633,7.603,3.352,1.0,4.72,6.06,4.79,1.0
54.535,15.647,3.021,7.892,7.678,1.0,2.74,6.19,8.85,2.38
69.054,31.834,3.754,4.703,5.985,1.0,8.08,8.14,7.71,4.75
58.306,25.073,1.968,5.301,2.902,1.0,6.18,4.53,4.46,3.18
48.723,31.408,3.684,1.118,4.147,7.08,7.61,8.67,5.7,6.33
64.352,33.678,2.641,1.619,0.712,7.22,8.22,5.9,3.31,5.09
63.444,23.058,1.732,6.194,4.191,1.0,5.64,3.95,5.5,2.19
51.977,33.164,1.76,3.709,4.705,4.15,8.5,4.1,6.3,4.94
50.964,30.19,2.39,3.414,4.153,4.1,7.53,5.07,5.78,4.61
58.003,26.721,3.117,2.413,0.81,6.03,5.92,6.57,2.3,5.0
64.409,10.516,2.125,5.565,7.365,1.0,1.07,4.94,9.52,5.13
60.244,20.903,3.095,6.525,0.787,1.0,4.46,6.72,2.33,1.63
42.707,13.439,3.05,2.462,5.101,6.13,2.21,6.67,6.64,6.99
41.672,21.951,3.251,6.029,5.895,1.0,4.7,7.21,7.55,3.14
63.513,26.75,2.909,7.362,6.37,1.0,6.15,6.2,8.32,1.0
49.012,24.024,2.03,7.755,4.435,1.0,5.95,5.23,6.09,1.0
43.074,27.084,0.978,1.216,3.105,6.94,6.77,1.91,4.18,4.51
47.216,12.653,0.689,7.323,1.925,1.0,2.12,1.0,2.86,1.0
63.83,14.63,1.418,1.061,0.07,7.86,2.29,3.19,1.25,5.16
69.844,23.488,0.924,3.476,3.715,4.05,6.01,2.3,4.98,4.48
67.544,10.453,2.424,5.002,3.367,1.0,1.18,5.18,4.47,4.13
42.642,12.148,2.392,2.927,6.311,4.81,1.72,5.46,7.76,7.08
59.853,21.239,1.795,2.122,0.106,6.04,4.63,4.63,1.33,4.5
50.588,31.704,0.814,1.27,5.773,7.19,7.97,1.85,6.86,5.45
54.262,16.79,2.105,6.927,3.519,1.0,3.48,4.28,4.66,1.32
54.775,32.454,2.002,3.088,4.546,4.37,7.81,4.74,5.76,5.04
51.492,11.978,0.503,7.132,3.13,1.0,1.58,1.43,4.31,1.0
48.599,17.327,1.273,2.518,1.786,5.45,3.05,2.85,3.32,5.38
58.945,34.85,1.229,1.579,7.011,6.64,9.05,2.52,7.52,5.83
50.891,26.453,0.728,2.915,0.928,4.83,6.29,2.1,1.82,3.8
50.023,23.053,2.725,3.618,6.645,4.32,5.24,5.67,8.67,5.78
46.102,29.733,3.226,6.509,6.683,1.0,7.26,7.32,8.09,1.75
68.884,26.796,2.677,5.066,6.614,1.0,6.57,6.03,7.94,4.57
52.911,11.858,0.732,5.553,4.228,1.0,1.58,1.0,5.54,2.6
52.494,32.145,0.693,6.397,1.665,1.0,8.22,1.21,2.75,1.0
53.007,28.34,2.498,1.352,7.785,7.73,7.54,5.54,9.64,7.61
58.621,12.539,2.371,3.615,3.387,3.68,1.48,5.72,4.77,6.1
45.16,15.044,3.205,3.571,3.215,4.13,3.07,7.33,5.1,5.48
42.925,34.446,2.911,3.16,0.92,4.55,9.04,6.63,2.95,4.24
64.572,15.123,1.481,2.649,7.071,5.26,2.33,3.93,8.38,6.78
64.79,19.213,0.933,4.949,6.351,1.0,4.36,2.74,7.48,3.66
45.625,17.046,2.724,4.115,6.856,2.68,3.01,5.65,8.32,5.75
61.986,10.81,1.179,5.272,2.766,1.0,1.33,2.42,3.4,2.42
47.575,31.198,3.762,3.966,6.408,3.33,8.12,8.64,8.15,5.53
50.564,11.216,1.75,4.84,0.519,1.0,1.12,3.79,1.85,3.81
69.209,31.174,1.041,5.34,2.434,1.0,7.51,2.37,4.28,1.68
62.175,22.331,0.75,1.328,2.002,7.77,4.7,1.28,3.01,4.54
67.185,16.505,2.82,5.501,4.785,1.0,2.85,6.67,6.4,3.81
47.014,27.851,3.559,5.666,6.185,1.0,6.73,8.0,7.7,3.77
55.811,24.894,0.827,5.409,3.375,1.0,5.47,1.45,4.4,1.64
45.752,18.684,3.828,5.16,6.531,1.0,3.17,8.46,7.9,4.33
66.368,15.094,0.778,5.128,4.673,1.0,3.31,1.53,5.86,3.26
41.432,21.024,0.719,6.843,1.998,1.0,4.48,1.83,2.87,1.0
65.073,29.02,1.193,6.071,2.093,1.0,6.93,2.68,4.27,1.62
61.529,26.298,3.039,2.458,0.638,5.69,6.51,6.88,2.33,4.6
67.666,34.074,2.949,2.641,2.723,5.47,8.74,6.04,4.39,5.42
64.589,20.274,1.522,7.558,1.564,1.0,4.47,3.08,3.03,1.0
45.296,14.472,2.126,2.557,6.039,5.4,2.79,4.08,7.57,6.83
57.632,24.992,1.044,4.796,1.035,1.0,6.12,1.98,2.37,2.21
62.366,28.045,1.336,2.864,3.623,5.12,6.86,2.51,4.97,4.92
69.262,34.538,0.679,4.465,4.232,1.67,9.08,1.34,5.49,3.18
59.343,33.024,3.558,3.678,6.213,3.49,8.36,8.55,8.29,5.01
49.597,23.42,2.506,5.068,0.833,1.0,5.64,5.32,2.21,2.89
63.71,27.824,3.218,7.78,0.164,1.0,6.77,7.15,1.68,1.0
40.528,28.049,3.436,2.071,5.37,6.43,6.42,8.07,7.26,6.56
56.556,34.297,0.661,6.116,2.66,1.0,8.25,1.85,3.87,1.16
58.641,12.202,1.967,5.961,1.464,1.0,1.65,4.61,2.88,2.87
48.252,12.423,3.561,1.357,4.541,7.54,1.5,7.98,6.09,7.77
51.638,33.33,2.399,5.296,6.89,1.0,8.17,4.8,8.33,3.48
66.304,10.865,3.605,4.177,4.006,3.11,1.12,8.51,5.92,5.67
69.58,26.772,3.738,7.858,5.569,1.0,6.79,8.85,7.01,1.0
44.186,13.492,1.772,1.512,1.433,7.13,2.12,4.04,2.76,5.42
68.233,30.625,3.161,4.03,4.372,3.36,7.82,6.87,5.99,5.06
52.459,13.412,1.666,2.493,5.462,5.18,2.09,3.92,7.0,6.15
54.867,24.596,2.507,7.093,0.203,1.0,6.17,5.33,2.07,1.0
61.663,23.621,0.956,3.065,7.902,4.22,5.09,2.07,9.88,5.78
56.968,16.604,2.06,2.176,3.33,5.61,2.65,4.18,4.62,5.46
57.745,10.351,1.3,2.512,6.947,5.75,1.08,3.06,8.28,6.68
54.773,12.601,0.713,2.871,2.283,5.34,1.71,1.87,3.63,4.94
48.338,28.243,1.117,4.879,6.225,1.0,7.01,2.89,7.75,3.72
50.301,27.621,0.994,4.69,0.89,1.0,6.94,2.65,2.79,2.61
67.945,32.608,1.849,5.538,4.635,1.0,8.27,4.07,6.51,2.32
58.716,33.871,0.908,7.436,3.163,1.0,8.9,2.3,4.47,1.0
64.963,10.158,1.121,7.519,0.615,1.0,1.0,2.62,1.89,1.0
51.024,32.425,2.192,4.174,7.524,2.7,8.08,4.63,9.47,5.77
68.092,33.367,2.586,2.399,2.0,5.14,8.19,5.76,3.7,4.55
56.571,10.879,1.582,4.107,7.516,2.71,1.5,3.6,8.5,6.34
48.254,20.152,2.713,1.305,4.33,7.43,3.96,6.05,5.64,6.78
61.117,34.825,0.523,6.806,4.083,1.0,8.69,1.03,5.09,1.0
47.541,28.488,3.232,6.233,5.882,1.0,6.88,6.9,7.33,2.98
56.786,14.199,0.917,4.741,0.249,1.0,2.31,2.01,1.4,2.96
55.16,14.357,2.604,3.54,6.162,3.97,2.95,6.68,7.76,6.3
41.621,11.207,2.989,2.631,3.654,5.39,1.0,6.71,4.76,5.88
63.709,32.151,3.088,4.064,5.22,2.56,8.06,6.72,6.63,4.44
46.403,26.163,3.333,4.844,3.148,1.0,6.05,7.69,4.67,3.67
41.632,15.593,2.942,7.487,6.414,1.0,2.7,6.94,7.7,1.45
48.509,26.742,2.476,6.647,7.078,1.0,6.27,5.88,8.99,2.43
56.508,33.754,1.063,1.115,2.651,7.27,8.73,2.36,3.51,3.88
55.881,21.995,3.513,5.603,2.283,1.0,5.31,7.82,4.21,3.08
58.66,18.58,3.339,2.062,1.692,6.03,3.52,8.17,3.48,5.99
44.278,26.138,3.675,3.549,6.647,3.44,5.87,8.65,8.54,5.27
69.63,30.119,3.557,4.672,0.79,1.24,7.86,7.86,2.56,3.25
59.647,19.587,2.434,2.302,4.366,5.95,3.74,5.15,5.64,6.1
58.889,12.797,2.32,5.821,6.703,1.0,1.97,4.88,7.95,3.53
43.53,11.717,3.368,4.715,1.103,1.0,1.54,8.06,2.62,3.64
41.068,12.417,1.279,7.837,0.263,1.0,2.16,2.0,1.73,1.0
69.548,16.533,3.141,6.25,3.633,1.0,2.86,7.21,5.11,2.28
45.954,31.774,3.501,4.868,1.62,1.0,7.98,8.02,2.76,2.65
47.722,16.671,2.898,1.341,5.898,7.32,2.69,6.35,7.41,7.37
48.313,24.713,1.434,3.292,5.294,4.93,5.94,3.11,6.68,5.31
47.622,33.23,2.542,5.597,5.052,1.0,8.76,5.82,6.8,2.71
61.242,25.036,3.459,2.498,2.636,5.12,6.33,7.93,4.29,5.3
61.792,24.203,3.032,4.541,3.339,1.0,5.82,6.8,5.36,4.14
69.245,17.607,0.643,7.535,6.942,1.0,3.39,1.0,8.04,1.0
42.581,16.423,0.933,4.935,6.498,1.0,3.63,2.35,7.2,3.95
63.659,14.737,3.634,3.53,7.212,3.73,2.46,7.84,9.11,6.28
52.912,18.307,2.366,1.515,0.627,7.64,3.4,5.92,2.59,5.58
49.223,12.145,3.75,4.275,3.536,1.95,1.7,8.66,5.69,4.67
67.857,10.501,0.526,4.448,4.555,1.63,1.12,1.09,5.77,4.09
51.696,29.412,1.855,1.245,1.447,7.29,7.25,3.36,2.61,4.6
44.416,14.578,1.177,7.645,7.057,1.0,2.55,2.53,8.12,1.0
47.892,30.478,2.616,4.643,0.238,1.0,7.53,6.58,2.34,3.17
67.145,23.32,3.408,3.172,4.407,4.4,5.61,7.82,6.58,5.81
65.81,12.028,2.066,7.315,1.538,1.0,1.39,4.41,3.11,1.0
59.537,25.167,0.665,6.198,6.153,1.0,5.88,1.54,7.49,2.16
68.511,34.709,2.859,4.841,6.925,1.0,9.31,6.47,8.58,4.27
47.587,23.245,2.603,2.411,4.809,5.2,4.93,5.62,6.01,6.04
59.759,20.394,2.942,4.271,4.207,2.46,4.03,6.28,5.75,4.94
68.496,34.026,1.356,6.948,3.404,1.0,8.76,2.84,4.71,1.0
47.36,13.576,1.243,1.466,7.771,7.17,2.35,2.35,9.06,7.71
44.418,14.477,1.196,4.026,4.388,3.01,2.57,2.17,5.82,4.39
69.207,30.542,3.787,5.226,2.061,1.0,7.99,8.18,4.09,2.31
69.355,28.493,1.826,3.635,7.671,4.19,6.97,4.32,9.14,5.15
46.976,23.086,3.848,3.717,2.347,3.24,5.49,8.69,4.53,5.02
53.193,19.828,0.517,6.0,7.257,1.0,4.37,1.06,8.59,2.43
58.313,12.007,1.701,4.585,4.693,1.0,1.0,3.27,5.71,4.47
60.76,15.356,3.764,5.857,0.618,1.0,3.13,8.73,2.6,2.89
61.667,29.176,3.339,7.229,0.062,1.0,7.83,8.23,2.03,1.0
54.14,14.938,3.419,5.536,0.352,1.0,2.65,7.51,2.28,3.08
41.938,26.393,2.245,1.164,7.322,7.47,6.61,5.3,9.0,7.27
69.508,13.841,3.848,5.229,0.736,1.0,2.18,8.55,2.77,3.58
58.974,25.817,0.651,4.377,4.458,1.75,6.21,1.26,5.68,3.41
65.231,20.957,2.939,4.588,4.464,1.0,4.37,6.43,5.94,4.43
47.678,18.55,1.683,7.168,1.758,1.0,3.84,3.91,3.57,1.0
55.453,15.297,0.941,1.269,5.768,7.22,2.64,2.05,7.27,6.78
66.785,18.456,1.643,5.832,0.225,1.0,3.38,3.97,1.31,1.66
43.006,11.059,1.47,1.958,3.951,6.07,1.42,3.06,4.87,5.95
44.868,12.418,3.456,2.636,4.722,4.8,1.84,8.09,6.22,6.11
47.095,34.782,2.526,7.54,2.411,1.0,8.57,6.03,4.05,1.0
40.337,28.914,2.02,2.281,3.225,6.1,7.35,4.66,4.41,5.13
42.688,11.486,1.658,3.115,5.626,4.94,1.94,3.01,6.96,6.02
60.037,25.511,3.839,6.823,6.447,1.0,5.75,8.45,8.34,2.93
69.208,30.542,3.12,7.459,1.502,1.0,8.25,6.89,3.83,1.0
61.767,34.16,2.398,3.551,7.507,4.17,8.55,5.15,8.92,5.28
65.588,20.792,1.48,4.272,6.498,3.07,4.86,3.24,7.7,4.9
40.36,28.694,3.129,5.223,4.531,1.0,7.03,6.83,6.43,3.94
62.754,31.698,2.423,4.832,6.272,1.0,8.07,5.31,7.02,4.09
63.389,30.472,1.953,2.253,0.031,5.38,7.72,4.67,1.39,3.65
43.158,26.958,1.888,6.4,5.86,1.0,6.62,4.04,7.37,2.11
52.849,15.105,2.287,2.811,0.818,4.63,2.84,5.0,2.24,4.03
49.188,22.81,2.349,1.096,7.475,7.92,5.44,5.38,9.22,7.69
62.272,32.373,1.345,6.552,3.654,1.0,7.77,2.74,4.76,1.0
44.53,10.151,3.948,6.804,4.376,1.0,1.24,8.51,6.02,2.74
48.088,30.763,2.938,5.122,4.431,1.0,7.21,6.32,6.08,3.05
55.292,26.245,2.884,2.267,7.609,5.48,6.02,5.93,9.26,6.56
69.581,32.149,0.921,3.197,4.02,4.9,8.4,2.4,5.03,4.22
51.748,24.561,3.419,1.852,7.364,6.24,5.71,7.61,8.92,6.66
45.829,17.674,3.659,1.466,4.811,7.41,3.23,8.4,6.72,7.22
64.613,22.507,3.406,1.082,2.809,7.63,4.98,6.92,4.7,6.47
49.511,20.719,1.174,7.99,0.482,1.0,4.41,2.74,1.21,1.0
55.971,12.642,3.459,7.254,3.613,1.0,1.99,7.37,5.29,1.43
56.341,10.8,3.508,6.527,4.91,1.0,1.19,7.87,6.59,2.98
57.344,19.47,3.019,1.128,2.704,7.62,4.02,6.5,4.49,6.34
57.552,20.647,2.221,5.994,6.88,1.0,4.57,4.79,8.88,2.77
46.749,17.059,1.156,6.873,5.582,1.0,3.04,2.54,6.49,1.0
43.463,19.414,2.625,6.799,5.368,1.0,4.04,5.94,7.49,2.17
50.09,12.301,2.147,4.398,7.397,1.91,1.73,5.23,9.22,5.5
69.235,28.713,3.584,5.301,4.831,1.0,6.83,8.1,6.77,3.87
60.881,20.424,1.464,3.946,3.511,3.32,4.06,3.04,4.79,4.6
49.274,20.501,1.299,7.693,1.83,1.0,4.36,3.24,3.18,1.0
46.07,33.44,2.699,7.178,3.377,1.0,7.99,5.83,5.01,1.0
40.376,15.825,3.08,6.427,7.546,1.0,2.77,7.43,9.68,4.4
43.586,27.694,3.572,2.142,3.992,6.26,6.61,8.59,6.41,6.32
59.768,18.897,1.507,2.425,7.306,5.48,3.87,3.62,8.5,6.43
56.472,32.07,1.33,4.389,4.58,1.75,8.04,2.78,5.66,3.33
68.558,17.469,1.789,6.778,0.45,1.0,3.1,3.96,1.32,1.0
53.745,24.327,3.198,3.498,5.395,4.02,5.71,7.02,7.68,6.3
66.269,31.644,3.317,4.058,6.236,3.13,8.06,8.13,8.05,5.68
57.808,32.279,1.842,3.566,5.227,4.0,8.08,4.17,6.32,5.05
41.225,16.339,1.79,4.078,5.105,3.24,2.96,4.0,6.47,5.1
42.067,28.163,3.542,4.213,3.389,2.94,6.79,7.43,4.88,4.48
46.446,28.632,3.672,7.565,1.305,1.0,7.24,8.76,3.46,1.0
66.86,11.953,3.589,7.782,7.772,1.0,1.79,8.46,9.27,2.02
55.091,15.444,0.537,6.372,7.387,1.0,3.13,1.17,8.62,2.25
42.757,19.601,3.235,4.206,2.516,1.82,3.87,6.61,4.19,4.25
47.425,17.534,2.239,7.055,7.415,1.0,3.82,4.4,8.41,2.42
44.483,13.517,2.194,5.087,6.757,1.0,2.17,4.22,8.17,4.5
57.017,12.359,0.693,7.451,4.265,1.0,1.64,1.58,5.53,1.0
65.687,28.687,2.802,1.98,3.704,5.79,6.81,6.09,5.31,5.61
49.024,20.393,1.793,3.805,5.4,3.39,4.68,4.59,7.08,5.35
62.305,14.506,3.335,3.483,4.182,3.99,2.03,7.42,6.01,5.72
49.315,26.634,1.064,1.442,5.85,6.9,6.71,2.9,7.68,5.57
61.357,33.463,3.9,1.166,6.145,7.47,8.44,9.04,7.66,6.68
69.973,23.93,2.36,5.208,4.047,1.0,5.66,4.4,5.68,3.03
50.233,32.11,3.628,4.555,7.693,1.75,8.2,7.98,9.26,5.17
42.091,28.417,0.862,6.833,5.332,1.0,7.47,2.08,6.94,1.0
44.948,32.541,1.431,7.769,0.773,1.0,7.51,3.33,2.16,1.0
42.462,28.994,2.834,2.921,3.156,5.23,6.92,6.39,4.69,5.32
58.548,17.569,2.59,1.901,2.831,5.86,2.77,5.71,4.35,5.86
68.389,34.813,1.601,2.725,7.682,5.3,8.84,3.43,9.33,5.9
46.607,27.106,2.799,5.762,1.22,1.0,6.28,5.74,3.02,2.18
41.059,16.287,1.648,6.122,5.505,1.0,2.75,3.82,6.96,3.18
50.6,33.034,1.725,1.379,6.579,7.36,8.26,3.91,7.94,6.33
51.596,27.471,2.607,2.013,6.24,6.26,6.03,5.8,8.31,6.52
43.557,12.606,2.415,1.73,0.773,6.6,2.17,5.56,1.92,5.05
57.739,13.666,2.517,4.771,1.031,1.0,2.18,5.14,2.74,3.51
40.603,30.272,3.23,5.099,7.443,1.0,7.15,7.46,9.07,4.59
68.794,27.748,1.338,1.625,3.339,7.21,6.94,3.19,5.02,5.22
66.857,20.598,1.42,7.746,3.592,1.0,4.58,3.43,4.85,1.0
48.846,23.374,2.924,6.878,4.728,1.0,5.47,6.61,6.22,2.1
42.262,21.33,3.0,2.179,7.761,5.81,4.5,7.36,9.2,7.52
49.944,23.554,3.14,6.857,1.136,1.0,5.14,7.08,2.81,1.3
56.082,27.641,0.65,6.302,4.393,1.0,7.04,1.38,5.97,1.0
44.14,19.08,2.236,7.008,0.789,1.0,4.28,4.88,2.19,1.0
40.531,33.35,1.916,1.838,4.67,6.37,8.3,4.4,5.66,5.63
45.865,13.665,1.023,3.298,3.799,3.93,1.83,2.3,5.26,5.35
53.812,30.599,2.541,6.323,5.764,1.0,7.61,5.73,7.01,2.12
57.927,26.044,3.339,1.07,7.757,7.92,5.77,7.5,9.51,7.8
52.725,20.263,3.893,6.759,3.865,1.0,4.18,9.1,5.66,1.78
46.763,29.512,3.33,3.198,7.536,3.93,7.4,7.06,9.4,5.98
69.441,11.767,1.091,4.097,4.538,2.77,1.49,2.28,5.6,4.85
60.378,10.019,2.314,5.54,5.069,1.0,1.25,5.36,7.02,3.91
67.856,20.893,2.569,3.068,7.698,5.15,4.49,5.28,9.05,7.13
69.818,28.849,0.844,2.767,5.591,4.63,7.61,1.72,6.14,4.51
52.591,16.99,2.113,1.099,7.023,7.24,3.46,4.42,8.08,6.98
64.995,12.564,1.516,6.637,2.142,1.0,1.67,4.07,4.1,1.71
47.227,17.414,1.896,5.301,1.628,1.0,3.28,4.38,3.18,2.89
42.265,14.526,3.675,6.345,5.279,1.0,2.21,8.2,6.74,3.42
43.215,20.52,2.59,4.226,6.976,2.47,4.61,5.93,8.3,5.28
57.007,13.582,1.532,4.771,6.712,1.0,1.72,3.77,8.03,4.41
54.713,16.969,1.618,5.921,5.522,1.0,3.5,3.61,6.68,2.52
44.905,17.594,2.636,3.13,2.891,4.05,3.66,5.59,4.65,5.61
52.877,25.142,1.76,6.543,2.786,1.0,5.9,4.09,4.03,1.29
57.36,32.909,0.871,7.847,5.042,1.0,7.98,2.23,6.15,1.0
44.558,24.618,2.437,5.105,1.388,1.0,5.56,5.77,2.79,3.06
44.987,21.502,3.016,2.733,7.888,5.61,4.54,6.17,9.68,6.54
59.047,29.91,0.607,1.882,3.141,6.55,7.57,1.22,4.41,4.05
41.368,13.952,1.901,5.94,1.363,1.0,2.13,4.2,2.23,2.21
63.778,20.421,0.632,1.998,0.074,6.44,4.27,2.02,1.39,3.99
47.737,28.711,1.575,6.48,6.838,1.0,7.04,3.37,8.07,2.43
46.174,23.268,2.587,6.265,0.442,1.0,5.38,6.17,2.11,1.34
40.326,21.126,2.099,1.496,3.518,7.32,4.42,5.16,4.85,6.62
47.007,22.881,3.907,7.581,6.857,1.0,5.09,8.84,8.71,1.79
40.094,23.815,0.716,2.016,7.75,6.05,5.89,1.36,9.06,5.81
48.308,25.562,1.012,6.014,3.756,1.0,6.48,2.55,5.25,2.2
51.201,18.52,1.05,4.34,5.843,1.81,3.71,1.96,7.08,4.22
67.895,33.537,3.55,6.331,0.519,1.0,8.42,7.77,2.14,1.5
50.568,26.206,0.704,1.485,5.678,6.99,6.61,1.61,7.4,6.09
41.102,17.256,2.78,6.133,1.624,1.0,3.42,6.71,3.37,1.96
69.836,19.934,2.871,7.793,4.207,1.0,4.26,6.56,6.09,1.0
54.872,17.021,3.789,2.156,1.095,5.56,3.42,8.29,2.65,5.5
56.917,13.918,2.569,1.813,5.207,6.46,2.55,6.14,6.92,7.24
52.206,32.665,3.209,6.682,2.161,1.0,8.12,7.16,4.22,1.02
58.039,31.878,1.774,5.604,0.167,1.0,7.6,3.76,1.58,2.35
61.097,16.048,3.956,2.562,3.073,5.45,2.78,9.11,5.61,6.64
58.902,23.649,3.931,1.235,2.847,7.44,5.51,9.08,4.71,6.74
67.037,21.404,0.589,7.193,2.998,1.0,4.94,1.0,3.32,1.0
54.305,15.416,2.168,3.095,5.389,5.2,2.53,5.35,6.92,6.03
42.984,11.973,2.265,6.615,4.207,1.0,1.59,5.01,5.68,2.24
47.955,12.214,3.094,7.626,5.066,1.0,1.98,6.75,6.71,1.6
67.825,29.629,1.294,7.788,1.139,1.0,6.8,3.11,2.71,1.0
52.243,31.268,2.567,2.753,7.876,5.02,7.34,5.69,9.8,6.22
43.847,20.999,2.673,1.478,1.637,7.13,4.89,5.91,3.33,5.48
66.879,11.412,3.025,3.17,0.206,5.0,1.52,7.07,1.8,5.22
57.417,13.386,1.459,7.983,3.987,1.0,1.65,3.84,5.64,1.0
51.931,30.28,2.135,6.719,5.844,1.0,7.47,4.92,7.01,1.97
42.088,22.701,1.277,6.728,1.737,1.0,5.35,2.38,2.83,1.0
50.227,17.637,0.519,3.047,6.851,4.92,3.25,1.33,7.73,5.58
57.145,10.344,3.396,7.972,0.18,1.0,1.0,7.36,2.35,1.0
65.196,24.834,2.061,5.512,0.2,1.0,5.31,5.09,1.32,2.03
67.168,14.898,2.875,2.534,4.867,5.27,2.23,6.13,6.44,6.24
65.641,12.547,3.511,5.5,4.726,1.0,1.78,7.45,6.3,4.1
54.224,28.79,2.357,2.45,4.839,5.89,6.9,4.8,6.33,5.97
56.869,32.695,2.746,2.259,4.652,5.62,8.39,6.31,6.26,5.52
41.813,30.804,2.674,6.275,0.709,1.0,7.88,5.95,2.45,1.6
49.75,22.88,3.29,4.29,1.377,2.29,4.77,7.68,2.64,4.05
51.171,25.833,1.521,3.683,6.669,3.34,6.47,3.54,7.87,5.11
62.178,12.771,0.615,7.275,6.614,1.0,1.98,1.08,7.89,1.0
53.368,15.521,0.949,2.263,6.622,6.26,2.56,1.5,7.99,5.69
54.077,18.656,3.934,2.793,1.924,4.89,3.61,9.44,3.61,5.54
55.059,24.958,2.633,3.12,6.82,4.44,5.3,6.24,8.42,6.02
46.8,31.515,3.791,5.456,1.078,1.0,8.29,7.9,2.53,2.1
62.273,34.292,0.875,4.967,5.607,1.0,9.76,1.94,7.29,2.87
49.884,16.368,1.36,3.779,7.783,3.24,3.49,3.36,9.03,5.61
68.02,30.737,2.916,4.959,3.728,1.0,8.14,6.36,4.84,3.15
46.414,25.989,3.086,6.182,7.375,1.0,5.94,6.98,8.58,3.27
54.117,11.674,3.755,3.062,0.589,4.44,1.88,8.23,2.6,5.12
47.173,29.512,2.466,5.194,5.146,1.0,7.51,5.12,7.02,3.59
53.552,18.277,2.108,4.452,3.445,1.9,3.6,4.83,5.08,4.45
46.732,29.914,1.852,4.128,6.758,2.36,7.1,4.07,8.2,5.17
48.457,22.335,2.154,1.498,5.003,6.86,5.14,4.65,6.42,6.24
45.643,19.166,0.528,7.493,4.385,1.0,3.78,1.0,5.23,1.0
56.688,16.21,3.361,6.71,6.036,1.0,2.43,7.62,7.66,2.88
50.71,15.192,2.182,6.666,0.229,1.0,2.66,4.93,1.64,1.09
41.359,21.059,1.227,3.201,5.774,4.28,4.68,2.42,6.67,5.42
69.885,28.182,1.84,7.184,2.746,1.0,6.69,3.96,4.31,1.0
48.0,31.869,1.999,7.324,1.844,1.0,7.66,4.47,3.07,1.0
45.971,17.742,3.404,4.361,3.508,1.66,3.22,8.29,5.21,5.22
46.994,11.829,2.215,4.89,1.796,1.0,1.49,5.26,3.31,4.31
46.33,21.765,1.469,5.554,2.329,1.0,4.84,2.82,3.49,1.97
60.76,20.814,2.326,6.216,1.794,1.0,4.65,5.45,3.72,2.2
61.768,25.439,2.734,6.345,4.267,1.0,5.67,6.05,5.64,2.36
44.568,29.251,3.977,4.641,7.24,1.0,6.71,9.04,9.23,5.14
55.422,31.537,0.515,2.291,1.107,6.38,7.74,1.4,2.25,3.56
41.326,19.287,2.437,1.444,6.662,6.98,3.91,5.28,8.43,7.22
54.994,27.179,3.192,6.364,6.08,1.0,6.75,7.34,8.38,2.88
54.132,31.118,0.823,1.097,0.943,7.93,7.53,1.62,2.14,3.7
52.417,31.866,2.7,1.562,5.011,6.84,7.75,6.37,6.54,6.41
68.006,11.191,2.609,3.507,5.82,3.77,1.58,6.13,7.13,6.62
43.522,27.141,2.992,3.557,0.499,3.81,6.64,6.34,2.8,4.57
42.784,10.644,3.698,5.209,1.454,1.0,1.0,8.5,3.31,3.59
54.779,17.255,1.683,3.14,0.75,4.72,3.38,3.8,2.15,4.23
64.902,10.915,2.38,6.771,4.548,1.0,1.79,5.45,5.78,2.27
48.222,32.73,2.903,3.804,4.614,3.43,8.41,6.85,6.07,4.88
50.998,21.964,3.362,2.07,2.91,6.4,4.36,7.0,4.91,5.81
56.719,15.298,0.516,5.795,1.036,1.0,2.48,1.15,2.14,1.44
48.234,30.349,3.654,5.015,3.394,1.0,7.4,8.35,5.04,3.53
69.095,13.682,1.007,2.655,2.283,5.06,2.13,2.21,3.67,4.14
54.296,13.643,0.653,4.028,1.05,3.44,2.02,1.6,1.84,3.63
69.788,34.351,2.61,5.631,4.412,1.0,8.6,5.87,6.13,2.9
42.609,15.655,1.267,4.954,5.875,1.0,2.68,2.48,7.3,3.66
59.424,13.07,1.323,4.109,7.591,3.02,1.72,3.05,8.68,5.25
66.534,25.36,2.148,6.032,2.101,1.0,6.01,4.7,3.68,2.37
66.463,24.363,1.853,5.289,1.766,1.0,5.48,3.52,3.01,2.96
50.949,26.868,1.214,3.979,6.035,3.13,6.14,2.56,7.04,4.43
55.133,31.388,2.41,4.684,4.126,1.0,7.48,5.75,5.82,4.21
64.538,19.089,3.434,2.47,0.367,5.13,4.13,8.05,2.77,4.88
46.234,16.383,1.551,4.605,6.976,1.0,2.97,3.49,8.49,4.85
51.631,28.27,1.134,3.66,2.461,3.38,6.75,2.69,3.85,3.86
47.901,29.137,2.266,4.346,3.266,1.88,6.52,5.19,4.71,3.89
55.174,34.865,2.345,4.862,7.571,1.0,9.61,5.83,9.08,4.09
42.874,20.071,2.747,1.705,7.662,7.04,4.54,5.57,9.51,7.26
49.025,31.724,1.908,5.158,3.429,1.0,7.65,4.14,4.83,3.04
63.992,22.029,3.268,3.025,4.269,5.29,4.52,7.21,5.58,5.93
52.873,17.011,3.803,1.702,3.6,6.53,2.89,8.81,5.58,6.69
60.328,17.512,2.75,4.305,6.749,2.57,3.17,6.35,8.46,5.98
61.277,26.192,2.14,1.705,3.65,7.23,5.94,5.02,5.33,5.96
66.191,15.252,3.886,3.536,4.869,3.69,2.63,8.9,7.01,6.41
50.516,26.84,3.72,3.715,6.792,3.07,6.86,8.26,8.45,5.82
49.531,10.838,3.684,2.236,1.32,6.45,1.0,8.27,2.91,6.24
45.047,30.285,1.046,2.56,0.895,5.52,7.68,2.42,2.76,3.88
54.128,29.912,2.459,7.71,4.552,1.0,7.41,5.03,6.23,1.0
52.98,23.076,3.001,3.567,3.428,3.99,5.13,6.7,4.75,5.33
47.887,16.305,1.891,1.264,5.531,7.54,2.61,4.13,6.78,7.33
53.669,23.556,0.6,5.526,7.465,1.0,4.96,1.35,9.34,3.55
48.026,31.142,2.955,7.171,1.467,1.0,7.46,7.06,2.76,1.0
61.11,25.735,2.769,6.434,6.474,1.0,5.7,6.34,8.37,2.39
43.471,22.655,0.906,6.587,6.402,1.0,4.79,2.12,7.61,1.98
68.804,21.606,1.99,7.985,6.915,1.0,4.76,4.48,8.85,1.0
47.471,12.183,1.782,3.239,1.738,4.28,1.98,4.61,3.25,4.69
50.541,10.043,1.195,7.457,3.303,1.0,1.0,2.01,4.22,1.0
57.014,32.885,2.963,6.317,1.038,1.0,8.61,6.89,2.69,1.0
64.174,30.44,0.826,4.485,0.907,1.77,7.69,1.71,2.2,2.65
46.077,13.805,3.015,5.512,5.028,1.0,1.96,7.15,6.95,3.98
54.808,10.975,1.132,6.138,3.718,1.0,1.85,2.43,5.1,2.77
58.329,32.643,1.779,6.671,7.676,1.0,8.13,4.07,9.09,2.04
42.206,10.445,1.201,1.104,5.714,7.89,1.0,2.79,6.6,6.75
55.295,34.595,2.155,7.247,1.482,1.0,9.3,4.77,3.52,1.0
53.997,21.884,3.795,5.769,3.63,1.0,4.62,8.56,5.28,2.79
58.892,11.285,2.713,1.172,6.518,7.59,1.32,6.02,8.19,7.39
66.586,31.279,2.242,5.756,3.964,1.0,7.8,4.98,5.54,2.46
60.737,19.032,2.271,3.16,7.57,4.48,3.44,4.92,8.83,6.49
69.274,28.619,2.151,3.147,7.059,4.83,6.99,4.55,8.38,5.96
63.174,25.272,2.683,1.687,6.495,7.1,5.57,6.35,8.6,7.87
51.765,14.148,2.141,2.098,4.528,6.38,2.6,5.11,6.46,6.77
51.95,28.666,3.716,3.056,3.766,4.31,7.08,8.4,5.82,5.18
53.795,15.371,3.65,1.711,3.618,6.25,2.43,8.51,5.2,6.89
46.697,11.799,2.346,7.915,0.573,1.0,1.79,5.23,2.09,1.0
45.487,12.314,3.578,7.648,7.414,1.0,1.68,8.21,8.89,1.52
60.133,33.625,0.919,5.771,0.178,1.0,8.68,2.34,1.74,1.0
51.985,34.993,3.777,7.853,1.461,1.0,9.11,8.75,3.26,1.0
60.279,18.781,0.597,2.299,2.829,5.73,3.87,1.16,4.4,4.82
40.927,25.634,2.244,2.665,5.201,4.59,6.28,5.69,6.36,5.27
57.401,34.596,2.047,2.388,6.422,5.53,9.11,4.43,7.93,5.76
51.207,29.677,3.829,7.195,0.258,1.0,7.18,8.44,2.21,1.0
47.18,19.373,1.437,7.933,7.011,1.0,3.64,3.04,8.76,1.18
47.954,19.784,3.94,2.404,1.378,5.41,4.09,8.85,3.29,4.88
53.416,12.162,3.908,4.213,7.823,2.32,2.01,8.99,9.66,6.6
45.739,18.63,2.533,1.124,3.349,7.81,4.4,5.28,4.75,6.47
52.362,22.242,1.167,4.35,7.517,2.34,4.75,2.8,8.86,4.62
67.405,28.077,3.16,6.095,3.857,1.0,6.52,6.92,5.85,2.31
40.444,22.512,2.562,3.717,5.756,4.02,4.86,5.48,7.28,6.17
43.309,18.847,3.558,1.222,3.239,7.68,3.95,7.74,4.77,6.4
66.324,32.505,3.119,2.304,4.66,5.81,8.0,6.72,6.63,5.54
47.734,20.785,3.095,5.519,2.235,1.0,4.57,6.75,3.92,3.03
58.629,16.091,1.388,5.392,0.964,1.0,2.8,3.21,2.0,1.48
69.633,20.921,0.804,6.88,6.03,1.0,4.34,1.4,7.25,1.53
67.123,28.674,1.966,4.072,4.792,2.46,7.26,5.0,6.43,4.44
50.95,16.574,3.949,7.22,3.717,1.0,3.36,9.01,5.67,1.7
50.288,19.353,0.876,3.942,2.769,3.41,3.88,2.33,3.6,4.17
66.251,11.017,2.072,1.3,3.746,7.24,1.14,4.88,5.16,7.03
56.117,18.718,0.712,3.013,0.097,5.33,3.71,1.54,1.64,3.78
57.065,19.933,3.613,3.156,3.167,4.97,4.17,7.89,5.03,5.79
46.949,32.089,3.018,7.39,5.965,1.0,7.79,6.71,7.68,1.0
44.963,16.266,3.342,3.072,4.173,4.44,2.5,7.75,5.51,5.98
62.954,29.606,2.823,7.022,5.07,1.0,7.46,6.52,6.27,1.36
63.431,24.809,0.911,7.593,2.926,1.0,5.43,2.39,4.76,1.0
66.043,24.729,1.022,6.413,5.425,1.0,5.39,2.65,6.66,1.67
51.687,21.688,0.842,4.351,3.268,2.22,4.61,1.87,4.81,3.88
53.909,11.563,2.647,1.119,6.757,8.04,1.62,5.88,8.63,7.78
68.464,10.445,3.619,2.565,7.363,5.21,1.0,7.83,9.38,6.92
45.569,16.688,2.872,1.165,3.979,7.55,2.94,6.67,5.13,6.53
45.336,24.361,2.224,1.764,5.504,6.58,5.57,4.73,7.37,5.79
43.103,29.215,2.857,3.754,2.532,3.66,6.92,6.2,4.28,4.18
41.854,24.494,1.839,7.949,6.355,1.0,5.46,4.6,8.44,1.0
52.213,31.97,3.881,6.705,0.017,1.0,8.46,8.55,2.25,1.23
69.048,22.921,0.809,2.482,6.476,5.24,5.37,1.35,8.04,5.41
50.994,12.939,2.112,7.584,5.178,1.0,1.4,4.79,6.41,1.0
53.25,24.426,3.357,3.502,7.83,4.25,5.32,7.86,9.62,6.2
60.849,23.484,1.692,6.347,2.622,1.0,5.28,3.83,4.11,1.7
55.827,24.385,1.243,6.45,3.5,1.0,5.85,3.02,4.79,1.26
67.712,28.722,2.086,2.491,7.995,6.14,6.93,4.87,9.98,6.99
46.849,28.568,0.8,1.399,5.953,7.33,7.1,1.35,7.0,5.5
49.95,28.598,0.864,6.954,5.518,1.0,6.8,2.12,7.58,1.12
53.074,24.859,2.817,2.368,2.797,5.6,5.91,6.51,4.36,5.33
53.631,29.329,3.521,3.915,4.053,3.33,6.93,7.65,5.16,4.61
66.656,22.665,0.715,1.187,1.578,7.33,4.38,1.71,2.33,4.6
63.189,28.246,1.876,4.54,6.951,1.0,6.81,4.31,8.59,4.39
61.091,30.175,2.343,3.78,3.05,4.05,7.18,4.99,5.07,4.72
46.098,29.307,3.658,6.898,0.394,1.0,7.05,7.95,2.48,1.0
40.518,30.539,2.688,6.715,0.609,1.0,7.58,6.0,1.87,1.0
51.872,13.34,2.705,6.275,3.776,1.0,1.99,6.02,6.24,2.82
48.634,32.016,2.008,5.751,4.871,1.0,7.81,4.3,6.12,2.27
47.79,27.094,3.086,7.944,4.95,1.0,6.07,7.28,6.75,1.0
40.33,29.385,1.632,7.039,0.026,1.0,7.31,3.86,1.06,1.0
44.575,12.936,3.416,1.11,2.327,7.42,2.1,7.76,4.19,6.13
61.555,13.03,2.894,4.614,1.481,1.0,2.01,6.32,3.13,4.49
66.763,18.807,2.907,5.682,0.389,1.0,3.82,6.52,2.58,2.31
66.348,20.77,2.52,5.92,7.675,1.0,4.17,5.16,8.79,3.67
49.589,27.343,3.133,4.239,3.051,2.29,6.28,6.61,4.51,4.51
49.993,26.921,0.761,5.031,2.035,1.0,6.44,2.22,3.18,2.47
69.594,10.264,3.535,3.377,1.757,3.98,1.09,7.67,3.58,5.57
66.844,18.164,3.722,6.26,4.28,1.0,3.6,8.44,6.12,3.1
45.117,30.73,1.898,6.719,6.321,1.0,8.14,4.24,7.42,1.66
46.468,11.47,0.621,7.363,0.711,1.0,1.39,1.57,1.44,1.0
57.003,22.371,1.491,2.152,5.128,6.38,4.94,3.72,6.71,6.4
40.079,13.796,0.649,4.859,1.071,1.0,2.12,1.54,2.02,3.05
50.13,12.217,1.549,7.921,1.012,1.0,1.49,3.49,2.64,1.0
53.691,17.011,1.071,6.964,3.081,1.0,3.45,2.67,4.5,1.0
64.5,13.707,2.146,7.202,6.334,1.0,1.94,4.39,7.88,2.15
40.445,15.977,1.507,6.273,2.794,1.0,2.8,3.28,4.19,1.17
63.758,23.496,2.535,3.656,7.171,3.64,5.42,5.49,9.29,6.26
53.069,14.78,2.147,4.636,4.761,1.0,2.46,4.65,6.18,4.62
59.307,30.954,3.261,3.155,2.957,5.05,8.06,6.53,4.89,5.23
56.058,18.47,2.257,3.437,5.738,3.7,3.75,4.48,7.06,5.66
51.016,18.743,0.692,4.582,1.593,1.02,4.05,1.46,2.82,2.71
40.188,23.324,2.894,6.536,5.381,1.0,5.56,6.73,6.32,1.78
59.4,12.759,3.484,7.359,4.747,1.0,1.84,7.91,7.15,1.42
67.624,16.002,2.11,7.108,2.159,1.0,3.18,4.4,3.33,1.0
67.68,32.014,1.965,2.495,1.261,5.78,8.24,4.53,2.98,4.36
53.851,34.579,2.617,2.692,6.678,4.85,8.65,5.33,8.11,5.72
61.893,32.046,0.989,1.574,5.735,6.68,7.81,2.06,7.2,6.06
59.736,34.348,2.642,4.491,6.695,1.8,8.89,5.91,8.26,4.28
55.373,28.051,3.921,2.5,3.692,5.89,6.7,8.99,5.51,5.6
42.134,30.882,2.318,7.845,2.668,1.0,8.06,5.17,4.7,1.0
67.099,12.827,2.795,1.454,0.009,7.21,1.57,6.18,1.96,5.45
61.048,19.258,1.511,2.372,0.036,5.67,3.5,3.6,1.43,4.46
63.126,16.217,3.507,6.544,7.735,1.0,2.89,7.65,9.72,3.34
44.871,17.511,2.419,7.569,0.99,1.0,2.93,5.4,2.35,1.0
47.533,29.757,3.487,1.967,5.872,6.39,7.61,8.13,7.94,6.81
50.356,16.583,1.567,2.111,2.157,6.5,2.7,3.11,3.81,5.74
49.328,17.319,3.128,2.171,3.009,5.86,2.93,7.24,4.61,6.16
40.141,23.251,3.01,6.674,0.879,1.0,5.51,6.91,2.25,1.11
58.029,26.205,0.814,5.114,2.169,1.0,6.53,1.29,2.99,1.51
64.581,29.241,1.259,5.852,3.597,1.0,7.23,2.15,4.91,1.33
42.782,15.799,1.579,6.161,7.658,1.0,3.38,2.98,8.82,2.87
68.684,23.601,2.431,6.084,6.496,1.0,5.27,5.49,8.14,3.16
51.889,15.098,2.771,5.944,7.082,1.0,2.78,5.69,8.33,3.8
57.133,21.009,3.947,3.981,0.259,4.01,4.58,8.56,1.92,4.9
57.583,21.976,0.853,7.703,2.645,1.0,4.2,1.71,3.81,1.0
63.753,17.839,1.56,5.524,1.882,1.0,3.59,3.25,3.11,1.75
66.593,22.091,1.227,7.735,0.543,1.0,4.91,2.6,2.2,1.0
42.175,24.72,1.202,4.954,6.592,1.0,5.89,2.69,7.81,3.8
64.898,30.498,3.486,6.498,0.129,1.0,7.53,8.23,1.87,1.0
52.096,11.574,3.402,1.414,7.425,6.76,1.76,7.72,9.59,7.67
68.841,21.465,3.033,4.551,1.586,1.13,4.71,5.7,3.21,3.4
52.354,15.684,0.806,5.004,5.736,1.0,2.73,1.5,6.77,3.83
61.656,12.622,1.206,1.145,1.362,8.06,1.66,2.73,2.82,5.76
46.303,33.374,3.541,3.455,1.594,4.41,8.53,7.64,3.76,4.32
53.277,20.891,0.505,6.398,4.262,1.0,4.65,1.0,5.55,1.0
57.781,11.208,1.955,4.721,4.228,1.0,1.37,4.4,5.73,4.01
46.447,17.073,1.989,4.779,1.07,1.0,3.35,4.55,2.71,3.87
61.238,16.277,2.933,4.957,7.368,1.0,3.02,6.45,9.08,4.9
61.917,34.482,3.833,5.994,4.965,1.0,8.8,8.07,6.43,2.83
48.385,22.711,3.967,1.502,5.464,6.78,4.66,9.35,7.64,6.88
61.815,33.811,2.909,7.34,2.632,1.0,9.05,6.78,4.0,1.0
56.654,17.728,3.78,3.617,3.233,4.1,3.41,8.55,4.65,5.19
60.518,20.02,1.006,3.054,1.275,4.62,4.25,2.21,2.69,3.85
56.35,25.094,3.423,5.48,1.004,1.0,5.43,7.69,3.0,2.82
40.455,20.254,0.827,5.59,3.573,1.0,4.06,1.55,4.71,2.15
66.771,31.47,1.159,5.287,7.765,1.0,7.37,2.4,8.96,3.2
65.057,26.216,1.384,1.208,1.15,8.53,6.76,3.11,2.47,4.77
47.77,22.275,3.45,7.662,6.546,1.0,4.82,7.71,8.7,1.72
46.595,12.396,0.889,5.376,7.987,1.0,2.21,1.61,9.5,3.55
43.72,34.381,1.537,2.417,4.18,5.87,9.49,3.39,4.95,4.99
63.666,23.035,2.133,1.555,4.791,6.58,5.08,4.77,6.3,6.73
65.68,22.573,2.547,3.231,4.401,4.44,4.84,5.46,5.84,5.37
65.074,13.101,3.358,5.61,7.208,1.0,2.35,7.24,9.06,4.35
58.34,21.362,1.024,7.019,1.386,1.0,5.06,2.39,2.2,1.0
50.986,18.002,3.001,5.79,4.578,1.0,4.42,6.62,6.53,3.18
69.412,15.599,2.511,5.932,4.28,1.0,2.47,5.22,6.35,2.92
60.363,31.465,0.505,6.749,0.571,1.0,7.96,1.39,1.93,1.0
53.596,11.911,1.914,7.304,7.217,1.0,2.44,3.92,8.36,1.77
59.341,17.837,3.241,7.926,0.36,1.0,3.5,7.28,1.91,1.0
64.822,14.298,1.018,4.313,0.423,1.53,2.88,2.31,1.69,2.26
59.764,32.3,3.287,1.514,7.628,7.08,8.33,7.94,9.32,7.07
65.83,12.67,2.702,1.379,1.38,7.04,1.74,5.77,2.93,5.59
44.212,13.983,2.418,7.762,7.751,1.0,1.84,5.66,9.71,2.3
47.174,24.605,1.863,7.158,0.296,1.0,5.95,3.66,1.76,1.0
40.169,31.295,1.14,1.772,2.317,6.62,7.31,1.93,2.99,4.28
69.494,30.839,2.312,1.677,2.609,6.78,7.78,5.32,4.13,4.86
57.89,12.778,2.008,2.256,5.771,5.83,1.92,3.65,7.06,7.24
47.737,22.834,1.296,4.903,0.964,1.0,5.78,2.88,2.11,2.85
44.397,13.368,2.424,4.477,1.051,1.87,2.02,4.83,2.43,4.26
64.227,25.077,2.225,5.125,0.681,1.0,5.64,5.5,2.48,2.7
57.214,31.872,0.574,4.246,0.923,2.53,7.67,1.47,1.69,1.92
40.141,13.576,1.945,4.427,6.475,2.26,1.67,4.22,8.01,5.5
44.482,19.022,3.63,3.189,4.808,4.14,4.02,8.06,6.04,5.94
66.138,14.805,1.865,5.254,7.186,1.0,2.97,3.58,8.47,3.95
57.017,31.665,1.39,4.319,7.864,2.42,8.02,3.14,9.46,4.18
51.752,12.903,3.497,5.915,5.853,1.0,2.31,7.85,7.37,3.96
69.145,29.394,3.309,1.489,2.648,7.01,7.68,7.31,4.81,5.76
61.219,14.869,2.172,4.152,1.68,3.22,2.31,5.06,3.18,4.55
64.605,18.202,1.455,7.618,4.469,1.0,3.8,2.96,5.41,1.0
59.417,26.596,1.604,7.492,1.405,1.0,6.7,3.95,2.54,1.0
58.461,22.547,2.484,6.132,3.795,1.0,5.42,5.06,4.92,1.68
40.187,11.219,1.819,1.22,3.031,7.34,1.0,3.5,4.29,6.21
62.119,21.603,3.801,3.34,4.026,4.04,4.55,8.35,5.37,5.84
64.152,30.802,3.191,4.907,0.838,1.0,8.2,7.18,2.25,2.65
64.033,26.617,1.335,1.37,0.224,7.21,6.13,2.71,1.84,5.36
51.462,34.173,2.366,6.776,1.802,1.0,8.85,5.19,3.52,1.0
65.207,27.759,3.927,2.01,2.975,6.53,7.25,8.94,4.66,5.42
66.668,28.861,0.779,4.821,4.834,1.0,7.07,1.36,6.48,2.85
52.974,20.209,2.423,6.249,0.451,1.0,4.11,5.21,2.17,1.62
50.146,20.909,3.645,7.895,1.562,1.0,4.54,7.99,3.36,1.0
51.764,27.95,2.526,3.694,2.047,3.6,6.81,5.93,3.42,4.38
61.897,21.79,2.045,4.475,2.373,1.45,4.8,4.3,4.38,3.91
46.186,30.096,1.839,4.433,3.673,1.47,7.46,3.55,5.02,3.62
52.947,29.455,1.772,1.092,6.176,7.45,7.16,3.94,7.34,6.62
69.511,18.99,3.277,3.462,3.197,4.37,3.88,7.33,4.69,5.98
43.034,34.037,3.985,4.188,6.068,2.71,8.85,9.16,7.59,5.17
55.169,16.79,2.887,5.057,6.042,1.0,3.52,6.52,7.71,4.71
41.348,23.424,1.202,3.016,2.722,4.57,5.31,2.61,4.25,3.96
55.225,25.804,1.699,1.329,0.13,8.08,5.88,4.09,1.15,4.39
41.884,10.911,3.139,5.922,0.628,1.0,1.0,6.93,2.83,2.45
41.247,27.942,0.601,5.376,2.292,1.0,7.32,1.28,3.33,1.59
55.174,28.788,3.409,7.381,3.853,1.0,7.07,7.47,5.46,1.0
66.861,17.986,1.393,5.245,6.025,1.0,3.88,3.21,7.28,3.46
62.209,11.588,3.613,7.886,2.499,1.0,1.59,7.75,4.34,1.0
65.146,33.95,1.333,7.245,6.916,1.0,8.33,3.22,7.67,1.05
