chili_pct,cumin_pct,coriander_pct,turmeric_pct,salt_pct,pungency,aroma,colour,saltiness,flavor_balance
31.108,27.465,14.907,13.718,2.068,7.82,6.27,8.54,2.95,6.43
9.502,21.649,13.267,12.892,1.952,3.13,5.63,8.18,2.63,5.59
32.971,12.526,21.099,1.081,1.743,7.87,5.72,2.23,2.84,3.74
38.63,25.084,8.375,4.371,3.944,9.7,5.65,4.05,4.46,4.49
38.904,0.078,23.947,14.799,7.831,8.65,4.52,9.65,7.16,6.16
18.138,21.78,23.539,10.08,5.453,4.99,6.99,6.84,4.66,6.22
24.362,22.772,20.164,6.403,3.182,6.46,6.97,4.97,4.21,5.22
31.021,6.798,19.677,9.367,6.219,7.37,4.69,6.02,6.15,5.65
25.665,16.421,28.285,11.943,5.458,6.43,7.32,7.81,5.52,6.61
28.881,29.246,24.302,1.997,0.836,7.52,8.53,1.85,1.91,4.09
1.401,0.166,5.299,12.166,6.896,1.49,1.68,7.36,7.02,3.97
11.938,1.381,29.45,10.791,7.754,3.11,5.7,6.95,6.98,6.74
2.34,21.088,23.801,5.451,6.557,1.21,7.15,3.79,6.15,5.51
34.282,29.09,12.356,14.277,4.905,9.03,6.42,9.67,5.16,6.29
14.914,25.734,16.575,10.855,6.559,4.33,6.72,7.68,6.03,6.31
27.194,10.583,19.794,6.055,7.422,6.36,4.7,4.34,6.95,5.48
10.251,18.748,13.133,0.874,7.333,3.03,5.33,2.08,6.51,4.23
13.903,14.332,5.09,1.884,8.919,4.5,4.25,2.3,8.09,4.57
0.377,24.031,1.705,13.074,1.857,1.0,4.09,8.14,2.21,4.38
14.333,13.297,17.152,6.872,5.834,3.67,5.83,6.05,5.7,6.01
37.964,19.126,20.998,5.006,1.346,9.68,6.36,4.72,1.96,4.5
8.716,24.067,11.319,3.5,9.329,2.71,5.73,2.87,9.08,5.51
12.776,25.426,3.004,9.598,0.737,3.72,4.62,6.69,1.36,4.46
36.711,14.545,6.603,7.442,7.355,8.82,3.79,6.21,7.06,5.2
1.276,2.764,6.504,9.532,5.512,1.16,2.32,6.15,4.92,4.1
2.603,18.069,22.271,10.191,0.537,1.12,6.38,6.1,1.1,4.95
25.193,28.109,15.534,8.841,8.405,6.93,6.58,5.98,7.76,6.04
34.953,19.81,20.235,5.391,5.36,8.56,6.5,4.76,5.18,5.63
0.349,0.799,6.329,1.035,3.896,1.18,2.05,1.34,4.03,2.2
29.863,22.323,17.434,12.533,7.252,7.91,6.09,8.65,7.28,6.62
32.514,26.725,24.702,14.61,3.169,8.57,7.99,9.37,3.43,7.01
3.029,5.581,8.956,8.655,4.441,1.32,2.63,5.97,4.67,3.53
26.258,18.07,6.171,3.938,1.033,7.01,4.25,4.05,2.14,3.96
20.37,10.714,26.984,10.869,8.009,5.18,5.84,6.69,7.43,6.15
19.195,25.446,27.15,0.413,3.915,5.0,8.03,1.0,4.68,4.5
38.223,1.091,8.017,9.059,4.385,9.07,2.62,6.67,3.74,4.5
0.0,16.043,17.276,6.428,5.286,1.0,5.18,4.83,4.8,4.68
9.879,8.674,12.492,1.995,6.025,2.92,3.3,2.07,5.52,3.7
28.489,29.991,21.133,2.733,2.298,7.49,7.18,3.08,3.21,4.79
12.983,0.484,21.1,8.278,6.204,3.69,4.14,5.27,5.24,4.41
11.08,7.565,29.91,12.253,3.005,3.32,6.2,7.79,2.9,5.9
27.818,14.847,17.049,4.455,1.803,6.44,5.32,3.79,2.67,4.9
36.742,3.672,16.37,3.369,8.38,8.92,3.8,3.04,7.86,4.65
9.779,12.873,8.342,14.712,7.304,3.73,4.04,8.65,6.29,5.85
18.323,4.16,27.856,13.746,2.45,4.59,5.23,9.0,2.71,6.21
10.12,22.28,26.283,4.971,0.523,3.06,7.54,3.62,1.3,5.08
15.173,27.824,4.652,9.771,5.793,4.86,5.09,6.52,6.08,6.62
24.182,2.709,26.696,13.962,4.815,6.32,5.19,9.33,5.61,6.22
30.895,26.819,13.968,12.376,3.574,8.11,5.91,8.3,3.36,5.65
2.717,22.827,22.454,12.735,0.059,1.73,7.1,8.28,1.12,5.6
27.443,9.648,9.406,13.698,4.091,7.18,3.49,8.98,4.75,4.78
21.93,22.268,12.232,7.077,6.762,5.49,5.88,5.41,6.46,5.87
5.519,28.224,23.803,2.08,0.759,1.91,7.88,2.2,1.46,3.99
3.95,26.819,6.125,8.389,0.201,1.94,5.61,5.33,1.55,4.55
9.822,13.104,12.383,4.294,3.143,3.08,5.29,3.74,3.97,4.86
6.071,16.622,11.36,6.524,8.242,1.95,5.14,4.18,7.86,5.01
37.04,10.986,7.37,1.405,2.702,9.18,3.94,2.62,2.32,2.91
27.204,5.291,20.183,6.253,9.004,7.07,3.82,5.04,8.3,5.37
9.506,12.582,0.052,3.909,6.866,3.18,2.49,3.09,6.83,3.88
22.755,12.709,23.758,8.322,0.322,6.22,6.59,6.2,1.1,5.72
22.265,8.444,1.614,2.252,9.363,5.67,2.25,2.57,8.08,4.17
2.909,16.146,21.754,0.928,4.245,1.67,6.39,1.67,5.09,4.2
33.588,22.595,7.671,5.518,6.532,8.56,5.15,4.56,6.28,5.18
16.213,7.259,22.393,12.383,0.333,4.54,5.1,8.01,1.57,5.63
5.795,11.666,2.821,14.708,8.3,2.53,2.72,9.18,7.22,5.5
7.637,24.894,14.852,0.635,4.588,3.16,6.64,2.03,4.71,3.94
19.626,23.387,12.922,8.564,3.292,5.51,6.42,5.56,3.98,5.67
28.481,22.709,24.09,6.169,7.473,7.61,6.69,4.69,6.34,6.04
39.398,8.419,12.682,1.489,0.047,9.5,4.27,3.01,1.0,3.54
34.991,26.987,20.574,5.7,0.181,8.94,7.21,5.06,1.48,5.25
19.962,9.225,23.867,5.44,8.579,5.01,5.45,4.6,7.96,5.64
4.271,11.078,14.391,7.434,8.373,2.01,4.01,5.41,7.87,4.9
36.529,28.566,29.628,2.406,5.046,9.43,8.96,2.68,4.83,5.12
14.597,26.052,7.984,4.266,3.677,3.98,5.06,3.51,4.11,5.08
9.064,17.927,26.041,11.376,4.705,2.79,6.57,7.23,4.24,6.15
34.897,23.131,21.678,5.695,7.176,8.5,6.98,4.14,6.49,5.32
5.454,2.115,10.548,8.324,8.466,2.28,2.64,5.08,7.17,4.69
9.455,29.536,1.054,8.002,2.028,3.55,4.96,5.34,2.61,5.55
23.816,7.458,29.87,12.324,5.901,5.4,6.0,8.04,5.26,6.07
22.557,2.177,23.974,13.698,8.7,5.48,3.63,8.21,7.96,5.63
38.357,23.059,18.565,4.175,3.033,9.44,6.72,4.4,3.49,4.94
18.13,21.838,1.448,1.253,1.671,5.26,4.69,2.41,2.31,3.97
5.158,3.971,21.403,9.079,6.38,2.33,3.82,5.57,6.19,4.4
30.423,14.175,20.093,0.933,4.398,7.02,5.82,2.26,4.67,3.96
8.065,8.957,9.211,2.566,1.166,2.4,3.36,2.61,2.41,3.18
7.029,25.788,17.251,11.098,3.417,2.2,6.86,7.29,4.19,6.42
17.485,18.569,20.875,7.448,7.408,4.49,5.91,5.82,6.76,6.08
13.61,10.932,22.401,9.831,4.534,4.01,5.11,6.88,4.18,5.88
38.69,16.08,2.162,3.052,1.311,9.06,3.92,3.6,2.18,4.25
5.721,21.098,7.714,8.679,2.113,2.3,4.98,5.7,2.93,4.38
33.782,0.199,13.682,12.018,9.445,7.64,2.67,8.09,8.74,5.34
26.776,26.572,11.827,14.036,6.706,7.01,5.99,8.62,7.1,6.6
4.372,27.26,20.851,12.33,1.916,1.65,7.34,8.1,2.38,5.62
3.53,28.382,17.939,12.26,1.749,2.03,7.02,8.46,2.14,6.09
38.658,1.209,6.391,10.905,3.071,9.28,1.91,8.06,3.31,4.15
7.772,9.313,29.339,5.75,2.04,2.41,5.5,3.91,2.52,4.22
3.276,2.895,2.681,3.321,4.036,1.73,2.24,2.68,3.97,3.65
10.775,24.005,15.7,7.208,6.461,3.57,6.81,4.71,5.94,5.53
26.005,4.004,8.247,7.832,8.444,6.43,2.73,5.86,7.82,4.54
21.871,6.843,1.528,2.886,3.178,5.71,2.31,3.06,3.72,3.81
27.869,29.705,26.996,6.812,4.845,7.14,8.06,5.05,4.81,5.85
38.524,19.682,6.931,14.832,2.06,9.46,4.8,9.61,2.53,4.95
11.109,2.566,14.7,10.351,7.495,2.98,3.0,6.46,6.52,4.38
9.345,26.244,4.112,10.959,6.441,3.54,5.87,6.75,6.33,6.47
33.827,7.669,24.952,5.835,3.83,7.78,5.52,4.82,4.06,4.92
8.968,7.775,19.475,10.569,5.719,2.74,4.09,6.58,5.49,5.27
27.556,10.994,5.518,9.657,0.966,6.97,3.24,6.99,1.92,4.69
6.14,1.991,10.705,7.042,9.78,1.53,2.56,5.1,8.59,4.44
8.144,29.222,0.923,1.332,1.776,2.91,4.89,1.79,2.54,3.14
2.704,16.873,13.515,8.872,0.659,1.51,5.09,5.85,1.24,4.64
29.979,19.674,2.813,12.265,1.799,8.22,3.37,8.4,2.1,4.67
7.203,5.777,9.087,7.175,7.26,2.56,2.83,4.8,6.73,4.21
4.97,0.238,1.487,11.318,2.448,2.31,1.44,7.17,3.21,4.09
8.992,5.487,15.954,3.131,6.794,3.1,4.36,2.75,5.96,4.3
11.178,8.751,10.193,7.22,2.422,3.64,2.79,4.76,2.77,3.77
1.353,8.985,28.012,3.567,2.677,1.0,5.43,2.9,2.96,3.95
10.176,8.807,21.192,5.23,1.276,3.48,5.07,3.79,2.03,3.97
26.754,16.341,12.435,1.764,3.163,6.87,4.64,2.29,3.71,4.24
30.397,1.762,16.592,11.751,6.951,6.9,4.37,8.47,6.33,5.98
9.041,22.976,28.905,0.322,2.296,3.11,8.09,1.0,2.95,4.9
24.474,9.845,2.584,8.18,2.994,6.01,2.51,6.19,3.88,3.91
36.49,14.546,23.484,0.748,6.062,9.08,5.66,2.14,5.89,4.26
21.664,23.952,29.615,7.419,8.179,5.64,8.18,5.34,7.88,6.13
14.958,5.998,11.515,2.304,1.764,4.39,3.24,2.49,1.83,3.06
0.528,7.237,10.095,12.785,5.671,1.0,3.43,7.75,5.67,4.66
33.173,20.005,13.652,3.017,5.226,8.14,5.12,3.49,5.33,4.83
32.662,10.008,24.953,8.696,1.471,7.42,5.24,6.31,2.09,4.39
3.189,0.677,22.692,8.092,8.896,1.73,4.01,5.17,7.79,4.76
6.867,20.006,19.823,5.723,5.055,2.63,5.82,4.36,4.91,4.63
33.526,11.283,3.006,1.711,7.055,7.84,2.87,2.39,6.45,3.53
22.566,3.472,17.36,6.884,9.085,5.74,4.08,5.06,8.15,5.55
13.991,4.265,1.881,2.857,4.152,3.82,1.33,3.26,3.84,3.73
5.8,23.794,2.697,2.43,2.53,2.26,4.33,2.43,3.02,3.69
3.941,17.316,19.16,6.02,6.61,1.9,5.46,4.01,6.87,4.79
22.407,18.151,24.599,12.715,7.11,5.18,7.07,8.04,6.44,7.03
28.403,11.388,6.45,11.331,5.898,7.12,3.91,7.57,6.05,5.03
38.035,29.159,8.484,9.359,0.88,8.91,6.02,7.05,1.88,5.11
29.922,28.283,12.177,3.121,6.013,7.53,6.45,4.18,6.09,5.5
14.89,27.228,14.376,7.151,4.363,4.07,6.92,5.49,4.54,5.77
30.339,5.586,8.71,10.872,2.058,7.18,2.84,7.82,2.68,4.21
2.843,5.606,15.646,5.387,3.934,1.68,4.27,3.59,4.48,3.85
24.874,17.413,22.209,5.186,7.558,6.42,5.97,4.49,6.95,5.42
28.829,23.866,24.28,12.497,7.212,7.5,7.71,8.28,6.52,6.62
1.672,15.242,21.003,9.829,1.24,1.0,5.8,6.32,2.63,5.26
15.81,6.401,23.798,0.401,2.736,4.36,5.01,1.7,2.99,4.0
6.454,19.013,15.622,0.77,7.594,2.56,5.72,1.36,7.09,4.41
11.043,18.216,14.802,14.825,2.935,3.43,5.82,9.13,3.49,5.71
9.06,10.473,8.267,4.593,2.812,2.85,3.36,3.5,2.89,3.62
12.187,3.687,17.054,12.621,4.329,3.57,4.12,7.37,4.21,5.35
5.449,10.446,23.517,12.608,1.341,1.96,5.62,7.54,1.78,5.45
27.77,5.187,19.849,13.239,6.854,6.57,4.26,8.94,5.99,5.97
2.115,8.134,19.418,11.716,2.545,1.63,4.92,7.61,3.22,5.09
23.258,13.506,6.352,10.682,3.862,6.43,3.93,7.26,4.02,5.85
7.189,6.797,15.967,5.592,1.712,2.65,4.11,4.49,2.39,4.1
20.268,6.845,20.107,7.673,2.857,5.25,5.26,5.63,3.4,5.38
11.261,16.198,4.306,8.101,0.035,2.94,3.75,6.03,1.19,3.93
14.803,8.712,21.026,13.124,1.889,4.14,4.99,8.28,2.24,5.24
20.181,22.298,29.21,3.973,9.922,5.54,7.74,3.57,9.04,5.95
4.893,27.066,15.567,6.959,3.589,2.8,7.34,5.04,3.07,4.95
5.227,18.756,18.943,0.929,0.757,2.14,6.16,2.24,1.26,3.21
33.777,21.543,14.81,3.756,3.785,7.88,6.15,3.63,3.91,4.95
15.688,18.732,10.145,0.887,5.929,4.29,4.79,1.77,5.87,4.32
6.782,13.23,29.89,8.691,3.87,2.01,6.9,5.74,3.85,5.19
32.047,13.447,13.696,12.726,6.575,7.85,4.82,7.98,6.06,5.84
36.405,12.459,14.276,9.328,3.781,9.1,4.64,6.77,3.8,4.9
33.183,8.636,15.122,0.027,5.762,8.11,4.24,2.38,5.56,4.34
28.562,5.496,15.743,5.108,1.951,6.81,3.57,4.09,2.78,4.15
3.975,17.884,16.802,8.219,9.405,1.87,5.45,5.2,7.6,5.76
36.532,10.531,21.292,9.727,4.273,8.97,5.58,7.0,4.02,5.71
23.119,6.176,25.35,4.483,5.204,5.59,5.34,4.06,5.33,5.32
36.011,19.225,13.236,6.5,1.355,8.86,5.17,4.97,2.04,4.72
22.543,13.597,3.283,7.548,1.176,6.32,3.2,5.53,1.51,4.11
0.394,19.425,16.497,7.556,4.634,1.0,5.34,5.82,4.65,4.94
39.77,12.139,19.007,11.306,0.74,10.0,5.33,7.71,1.46,5.31
5.296,28.389,16.144,11.144,2.785,2.49,6.95,7.44,2.77,5.73
27.705,27.886,27.77,6.138,2.659,6.64,7.84,4.81,2.97,5.49
13.372,2.705,26.543,4.927,5.323,3.98,5.07,3.87,6.0,4.71
7.208,4.644,1.09,10.985,8.716,2.55,1.83,7.04,8.17,4.54
5.624,14.646,27.963,9.76,2.605,2.43,6.85,6.54,3.36,6.32
26.77,19.317,8.26,5.373,1.698,6.85,4.3,4.51,2.22,4.46
12.154,5.974,7.294,11.537,0.935,3.96,2.93,7.95,1.75,4.54
24.546,3.492,0.938,10.69,3.138,5.98,1.61,7.08,3.94,4.3
37.424,7.091,19.513,14.76,2.622,9.1,4.68,9.48,3.68,5.86
8.116,6.375,19.433,14.825,5.016,2.65,4.42,9.16,4.67,5.54
4.784,16.951,9.306,0.895,6.452,2.05,4.65,1.37,6.3,3.88
15.688,6.196,21.235,7.813,2.489,4.56,4.61,5.23,3.02,5.26
27.782,2.802,29.431,5.583,3.187,6.82,5.46,4.26,3.34,5.14
37.799,26.745,8.584,3.941,1.73,9.78,5.84,3.22,2.29,4.02
6.535,7.492,16.526,10.334,3.823,2.46,3.92,6.73,3.46,4.54
18.349,22.231,0.183,9.764,4.106,4.54,4.11,6.67,4.05,5.37
11.155,7.835,22.253,1.954,4.697,3.64,5.39,2.47,4.75,4.22
8.184,24.682,7.089,6.87,8.372,2.6,5.88,4.64,8.23,5.58
12.333,15.571,17.52,8.622,1.394,3.96,4.96,6.36,1.98,4.86
31.824,2.161,14.207,6.884,1.278,7.17,3.32,5.37,1.54,3.53
3.714,22.235,23.978,3.529,7.919,2.2,7.56,2.77,7.27,5.17
34.761,13.183,27.346,7.902,5.245,8.04,6.38,6.59,5.31,5.93
33.349,3.304,18.59,12.254,2.332,7.79,3.88,7.82,2.59,5.14
27.272,28.275,28.748,8.916,2.337,7.5,8.05,6.44,3.33,6.26
11.833,19.436,12.362,0.273,7.203,4.09,5.02,1.28,6.84,3.81
6.645,19.52,2.791,12.812,2.393,2.57,3.77,7.87,3.26,4.78
36.758,7.939,25.174,12.164,1.956,8.21,5.41,7.86,2.58,5.91
2.857,18.978,0.294,0.566,5.937,1.79,3.67,1.14,5.9,3.18
18.979,0.067,11.939,3.136,8.198,5.41,2.97,2.76,7.21,4.43
14.409,16.861,17.966,4.5,2.326,3.74,5.37,3.73,2.82,4.55
6.389,11.536,24.302,12.08,4.803,2.59,5.44,7.36,4.66,5.56
38.717,1.872,11.458,7.686,4.253,9.14,2.76,6.08,4.69,4.32
8.758,12.375,14.985,3.01,6.286,3.11,4.66,2.72,5.93,4.45
28.471,20.31,12.81,8.285,7.356,7.37,5.6,6.12,7.0,6.38
35.163,11.652,21.331,1.6,1.155,8.58,5.43,2.73,1.29,3.95
26.756,16.973,8.227,14.175,6.144,6.1,4.57,8.43,5.46,6.06
5.741,6.577,10.045,0.661,3.813,1.97,3.03,1.0,3.5,2.79
31.716,4.379,11.512,9.468,9.767,7.11,3.51,6.27,8.73,5.59
8.621,20.963,22.144,14.911,5.629,2.71,6.66,8.95,5.94,6.54
38.238,21.521,13.695,7.474,2.293,9.79,5.72,5.39,2.51,4.52
3.314,3.216,18.773,10.375,7.807,1.26,3.64,6.89,6.79,4.94
25.641,4.302,1.34,10.079,8.945,6.32,1.9,7.24,8.38,5.19
24.538,28.851,27.533,7.586,7.997,6.37,8.19,5.96,7.0,6.67
19.203,18.418,1.825,8.641,4.426,4.59,4.02,6.22,4.59,4.72
6.608,2.599,3.007,12.907,1.162,2.15,1.76,7.62,2.05,3.25
10.079,3.127,18.014,11.621,7.708,3.26,3.86,7.08,6.99,5.04
29.217,11.702,8.223,11.739,9.742,7.52,3.3,7.5,9.39,5.99
38.348,12.535,2.069,0.116,8.048,9.87,3.67,1.74,7.23,3.36
37.032,16.451,15.032,9.53,7.93,8.8,5.12,6.69,7.68,5.27
29.496,15.57,28.966,7.48,3.658,7.32,6.9,5.77,4.17,5.41
9.347,10.728,0.391,5.482,6.397,3.2,2.67,4.23,6.13,4.48
30.58,24.923,29.405,10.554,4.037,7.49,8.43,7.36,3.79,6.52
11.892,9.313,7.978,6.339,9.057,3.49,3.14,5.03,7.7,5.1
11.254,16.641,14.054,13.764,3.335,3.48,5.2,8.54,3.58,6.08
30.696,2.579,14.618,8.586,0.052,7.21,3.24,6.21,1.0,3.69
27.432,7.581,20.471,11.291,7.857,6.77,4.9,8.11,7.1,6.43
10.924,25.519,27.276,9.381,1.486,3.62,8.41,6.66,2.38,6.08
6.541,29.536,11.937,4.092,6.659,3.02,6.49,3.39,6.87,5.51
4.117,17.018,15.887,7.46,5.034,1.48,5.14,4.96,5.27,5.22
19.575,24.095,22.366,8.525,1.471,5.38,7.26,6.45,2.13,5.36
33.323,9.082,4.622,8.447,7.219,7.98,2.72,6.08,7.06,4.62
12.93,19.329,19.226,6.483,5.813,3.72,6.01,5.22,5.57,5.92
23.838,2.98,28.173,1.039,2.292,6.22,5.55,2.15,2.79,4.3
7.266,11.18,20.297,2.202,8.969,2.32,5.55,1.94,8.79,4.87
12.87,18.952,24.056,11.586,9.207,3.41,7.24,7.26,8.58,6.77
27.813,26.571,6.644,5.085,8.777,7.87,5.61,4.38,7.88,4.81
20.063,26.024,19.323,1.243,5.213,5.2,6.86,2.22,6.04,5.07
34.826,26.633,12.007,7.379,7.102,9.14,5.97,5.36,6.68,5.72
33.126,9.722,19.316,2.191,8.932,7.32,5.63,3.29,8.09,4.79
11.91,15.442,9.166,6.482,6.322,3.56,4.65,4.54,5.88,5.33
1.164,13.811,21.567,13.748,6.741,1.01,5.57,8.26,6.08,6.15
25.727,21.464,5.776,4.345,7.598,6.66,4.31,4.06,7.46,5.3
34.768,28.183,11.613,10.324,0.157,9.01,6.06,7.25,1.87,5.26
34.021,7.018,17.964,5.071,1.315,8.09,4.42,4.52,1.8,4.2
0.591,17.887,1.156,6.238,9.645,1.11,4.06,4.32,8.23,5.16
6.059,15.036,23.503,9.284,4.033,2.04,6.96,6.2,4.18,5.49
7.294,22.742,22.002,7.279,0.078,2.66,7.0,5.25,1.32,4.81
11.277,0.703,1.771,12.905,4.947,3.31,1.0,8.24,4.44,4.26
12.697,16.087,11.285,6.957,0.464,3.7,4.6,4.69,1.43,4.21
3.266,23.049,6.621,2.4,6.461,2.21,4.57,2.63,6.42,4.8
14.647,7.491,10.015,1.545,6.506,4.14,3.56,2.7,6.55,4.21
36.159,19.209,20.171,8.812,4.0,8.84,6.62,6.59,4.52,6.09
4.909,22.907,7.088,4.074,5.854,1.86,5.28,3.48,6.07,4.1
31.295,7.137,12.791,1.127,9.618,7.66,3.67,2.13,8.1,4.27
2.274,8.759,18.207,6.505,5.346,1.14,4.5,4.38,5.34,4.9
2.53,2.719,5.266,12.867,9.06,1.13,1.97,7.69,8.0,4.42
17.158,11.658,9.744,13.574,3.744,4.45,3.98,7.84,3.75,4.86
38.662,7.882,19.271,0.838,1.389,8.83,4.49,2.38,1.42,3.35
8.67,7.118,23.282,13.47,9.546,2.54,4.83,7.82,8.69,5.93
37.923,5.258,24.787,10.714,2.682,9.25,5.16,7.32,3.0,4.8
1.723,14.516,15.941,3.335,5.869,1.79,4.81,2.94,5.87,4.36
35.527,21.719,9.725,12.095,7.218,9.17,5.15,8.42,6.43,5.88
22.613,2.921,10.526,7.807,3.677,5.04,2.46,5.58,4.28,4.55
32.89,27.81,10.732,2.662,0.853,8.4,6.87,2.93,1.86,4.11
19.273,25.812,10.4,10.726,4.978,5.61,5.97,6.66,4.95,6.92
10.056,15.813,9.266,1.782,1.501,3.01,4.25,1.78,2.45,3.13
33.764,2.604,28.512,6.963,1.996,8.09,5.08,5.16,3.25,4.68
13.638,29.897,5.564,2.772,4.491,4.12,5.76,2.41,4.16,4.59
29.214,26.896,27.746,13.467,5.482,7.58,8.18,9.06,4.84,7.36
38.205,9.833,9.067,5.694,0.819,9.05,3.4,5.2,1.85,3.8
36.597,13.887,23.484,10.952,6.853,8.39,6.01,7.43,6.68,6.01
20.384,8.992,0.623,13.981,4.799,5.24,1.93,8.96,4.85,5.06
9.616,5.234,9.482,5.763,3.605,3.04,2.94,3.92,3.92,4.16
31.652,22.233,18.643,13.145,0.017,8.33,6.6,8.66,1.02,6.51
1.821,7.232,4.754,10.496,6.29,1.52,2.46,6.85,6.35,4.14
35.999,26.254,27.412,0.789,2.131,9.09,8.13,2.1,2.85,4.3
22.628,23.861,12.079,1.611,1.942,6.01,6.16,1.83,2.52,3.92
0.646,20.002,19.986,14.752,5.842,1.0,6.83,8.93,6.45,6.18
20.796,4.587,16.361,10.64,1.746,5.25,3.16,7.22,2.14,4.73
19.75,12.919,9.814,10.735,1.551,4.92,4.33,7.13,2.42,5.44
8.516,15.859,3.778,6.272,6.845,3.93,3.37,4.34,6.67,4.63
24.725,3.424,27.639,14.334,2.679,6.17,5.03,9.15,3.42,6.25
0.063,7.354,4.398,12.368,9.678,1.0,2.12,7.76,8.31,4.58
9.358,14.745,0.235,0.267,3.392,3.51,2.52,1.01,3.94,2.96
21.078,27.427,24.781,5.265,3.693,5.87,8.13,4.23,3.97,5.89
7.966,28.597,19.377,9.864,8.62,2.44,7.13,6.32,7.63,6.92
9.748,21.22,27.86,6.689,3.135,3.54,7.67,5.47,3.92,6.2
17.456,20.04,28.256,2.711,6.984,4.91,7.24,3.12,6.08,5.04
2.226,29.658,2.813,8.925,6.71,1.93,5.06,5.84,6.11,5.28
8.328,14.906,25.668,8.805,0.354,3.09,6.72,5.45,1.0,4.94
2.946,3.854,22.25,14.128,9.528,1.33,4.57,8.65,8.55,5.97
31.937,18.517,20.622,12.694,7.562,8.64,6.34,8.38,6.87,6.62
20.1,29.527,10.11,4.643,2.747,5.54,6.44,3.96,3.13,5.2
10.462,13.415,4.322,7.705,2.799,3.0,3.51,5.11,3.46,4.32
31.871,5.545,20.527,13.712,1.732,7.83,4.28,8.46,2.48,5.64
6.203,13.768,2.941,4.784,5.367,1.83,2.82,2.81,5.34,3.65
34.639,11.846,22.866,5.568,2.335,8.21,5.69,4.33,2.64,4.85
18.441,8.189,11.469,4.347,4.17,4.6,3.43,3.64,4.33,4.57
22.47,27.145,25.258,6.285,7.072,6.22,7.65,4.91,6.7,5.96
12.49,28.211,22.609,11.225,7.114,4.24,8.1,7.46,6.75,7.3
9.723,6.812,28.825,4.009,2.123,2.77,6.07,2.82,2.07,4.49
11.067,7.537,24.71,10.44,0.255,3.32,5.21,6.39,1.0,4.75
14.397,14.282,5.228,14.963,0.471,4.53,3.62,9.32,1.05,4.65
22.799,10.863,5.97,8.28,4.089,5.42,3.24,6.16,4.53,5.24
1.23,0.442,14.615,1.345,0.564,1.31,2.82,1.48,1.01,2.31
15.43,21.341,0.561,13.601,0.207,4.39,3.7,8.24,1.43,4.84
13.648,10.198,13.802,5.483,6.503,3.75,5.31,4.2,6.58,5.27
25.194,2.479,12.425,1.556,2.252,6.49,2.92,2.14,2.87,3.57
34.744,17.485,25.193,5.948,4.461,8.79,6.97,4.85,5.06,5.48
30.906,6.856,28.636,14.018,5.144,7.31,5.77,8.83,4.83,6.32
39.655,25.378,18.107,1.462,0.116,9.71,6.89,2.76,1.17,3.78
16.637,26.117,28.166,5.528,1.27,4.53,8.36,4.25,1.93,5.79
8.586,27.776,10.47,4.365,5.288,2.56,6.24,3.66,4.97,4.14
36.875,13.6,27.949,9.573,2.222,8.5,6.68,6.9,2.65,5.86
32.58,21.72,16.076,3.143,3.93,8.3,6.41,3.64,4.09,5.0
36.556,6.0,1.757,8.372,6.265,8.41,1.95,6.24,5.88,3.41
8.428,1.572,26.442,14.511,6.52,2.4,5.11,8.9,6.75,5.99
18.768,22.235,0.16,4.185,6.021,4.97,3.81,3.86,5.36,4.6
12.941,1.99,23.84,1.072,4.98,3.4,4.25,1.93,4.15,3.45
18.051,19.934,5.957,0.524,6.338,5.27,4.55,1.52,6.33,4.25
29.097,3.069,29.178,5.082,3.753,7.08,5.47,3.92,4.0,4.76
28.995,15.458,10.669,9.613,6.461,6.86,4.1,6.48,6.16,4.84
25.491,28.798,4.722,3.009,1.283,6.46,5.35,3.38,2.4,4.06
13.568,21.982,21.616,6.095,6.691,4.0,6.7,4.78,6.44,5.95
8.967,7.179,3.744,11.013,8.982,3.1,2.51,7.26,7.83,5.01
18.708,2.485,25.591,8.343,2.585,4.54,5.59,5.55,2.43,5.75
29.949,22.481,7.976,11.912,7.894,7.88,4.55,7.94,7.54,6.15
7.337,29.136,5.597,6.44,3.04,2.58,5.19,4.6,3.61,5.11
0.966,24.229,27.667,8.531,9.231,1.76,7.49,5.76,8.53,5.78
4.201,3.46,23.955,7.325,6.552,1.57,5.16,5.34,6.51,4.54
5.158,6.377,24.535,10.139,9.825,2.67,5.02,7.04,9.15,6.13
18.58,19.237,13.278,14.135,4.778,4.76,5.23,8.75,5.18,6.12
14.252,29.941,4.926,14.571,5.199,4.1,5.9,9.5,4.4,6.01
36.778,25.46,5.73,7.78,7.685,9.0,5.46,5.38,7.28,5.56
8.326,11.455,21.616,12.999,7.601,2.44,5.13,7.88,7.1,5.93
15.23,15.486,19.443,1.598,3.559,4.71,5.85,2.04,3.41,4.36
0.856,18.304,25.254,9.033,0.259,1.46,7.07,5.54,1.0,5.1
2.394,13.085,18.957,10.233,8.037,2.14,4.98,6.25,7.23,5.79
33.511,28.678,29.93,3.117,6.129,8.32,9.2,3.59,6.06,6.04
28.087,29.619,15.327,5.164,1.129,7.73,6.64,4.39,1.97,4.96
3.731,12.805,27.514,8.391,7.283,1.96,6.33,5.28,6.68,6.05
31.654,28.32,15.447,5.082,8.249,8.57,6.92,4.09,7.3,5.67
15.855,14.023,19.827,14.11,2.793,4.2,5.45,9.02,3.81,6.18
5.812,17.288,29.17,11.747,9.119,2.41,6.86,7.54,7.7,6.39
39.397,0.829,8.23,5.237,1.616,9.17,2.51,4.68,2.25,4.04
4.76,20.837,8.255,6.627,8.372,2.29,4.75,5.47,7.93,5.47
5.64,5.291,0.545,11.674,9.386,1.73,1.61,7.62,8.58,4.99
34.157,12.594,12.507,6.294,9.489,8.36,3.97,4.91,8.28,5.34
29.102,3.646,11.019,6.236,8.496,6.84,2.84,5.14,8.2,4.8
2.765,19.026,25.684,2.063,4.026,1.89,6.33,2.09,4.1,4.06
24.857,13.375,11.365,0.057,6.967,6.29,4.31,1.76,6.75,4.26
17.32,12.762,28.339,12.967,3.568,4.59,6.44,7.93,4.1,6.35
35.495,21.491,9.263,3.455,8.868,9.17,5.11,3.36,7.97,5.19
24.72,5.108,9.904,14.593,1.735,6.33,3.0,9.59,1.68,4.79
26.432,26.978,18.38,9.629,7.281,7.27,6.73,6.56,7.11,6.57
18.978,20.704,0.983,4.494,5.176,5.28,3.76,4.3,5.31,4.8
0.205,1.651,19.919,13.948,4.072,1.0,3.97,8.82,4.79,5.37
15.374,7.726,8.871,4.726,3.906,4.6,3.47,3.82,3.99,3.81
11.854,2.632,24.143,3.829,9.581,3.68,4.98,3.38,8.63,5.07
21.982,18.5,21.825,3.109,4.089,5.82,6.67,3.38,3.71,5.28
19.219,12.458,28.142,4.038,8.763,5.11,6.28,3.8,7.55,5.9
35.576,20.678,17.25,7.744,8.793,9.22,5.52,5.82,8.45,5.84
5.902,2.496,8.916,8.099,2.348,2.64,2.59,5.62,2.72,3.66
2.801,6.669,16.637,8.224,1.818,1.22,4.29,5.14,2.16,3.97
19.166,6.275,20.774,2.448,0.373,4.97,4.7,2.58,1.54,4.14
4.991,1.616,12.763,12.006,7.809,2.38,2.32,7.77,6.82,5.17
28.843,3.392,20.443,11.561,7.724,6.78,4.14,8.24,7.47,5.83
8.623,19.923,29.422,10.373,3.339,2.94,6.97,6.29,3.93,5.76
9.718,7.036,21.677,0.984,2.263,2.76,4.85,1.89,3.23,3.47
24.49,4.236,4.677,2.46,0.563,5.62,2.08,2.54,1.8,3.77
31.55,20.693,19.314,3.619,0.372,7.54,5.91,3.99,1.0,4.79
27.272,7.048,27.506,3.66,9.321,6.29,5.79,3.65,8.41,5.71
21.276,25.908,0.875,2.926,0.486,5.6,4.9,3.06,1.68,4.01
17.559,29.165,6.686,1.645,0.0,5.43,5.92,2.35,1.0,4.09
39.567,2.884,18.307,1.179,8.128,8.64,4.4,2.7,6.9,4.45
24.913,24.696,15.718,14.762,0.063,6.18,6.06,9.15,1.02,5.95
36.748,27.104,12.257,9.796,4.251,9.68,6.54,6.42,4.74,6.03
5.975,12.738,11.187,1.65,4.73,1.61,4.44,2.03,4.69,3.39
31.803,19.154,17.838,10.976,3.391,7.42,5.92,7.57,4.23,6.16
29.484,23.748,19.466,10.262,0.649,7.15,6.22,7.01,1.95,5.34
6.161,29.34,21.227,12.298,5.717,2.64,7.7,7.46,5.37,6.53
36.976,28.38,13.138,9.718,9.578,9.83,6.41,6.49,8.56,6.75
39.765,28.854,29.557,3.139,0.4,10.0,8.39,3.34,1.7,4.87
8.67,3.12,26.835,2.873,4.312,2.91,4.84,2.77,4.53,3.92
7.802,0.476,3.017,14.825,0.018,2.45,1.69,8.84,1.0,3.42
1.919,29.332,5.522,11.944,3.383,1.37,5.82,7.02,3.27,5.02
19.59,28.869,7.367,1.73,1.053,5.11,5.27,1.72,1.65,4.12
32.009,18.234,7.358,7.884,7.669,8.27,4.51,6.35,7.0,5.46
26.302,20.296,0.834,14.826,4.236,6.25,3.64,9.56,4.44,5.79
5.28,3.179,14.737,2.4,1.634,2.29,2.96,2.58,2.56,3.51
37.782,13.55,1.974,8.643,9.463,8.88,3.45,5.96,8.27,4.83
13.62,11.883,14.814,5.984,2.375,4.01,4.74,4.58,3.1,4.19
19.13,9.001,10.306,6.326,6.86,4.57,3.17,4.9,6.48,4.6
15.13,17.189,4.486,6.978,4.806,4.17,4.05,5.48,5.15,5.13
20.515,28.171,7.405,6.58,6.543,5.73,5.83,5.13,6.2,5.51
23.563,18.255,21.592,0.279,8.525,6.26,6.45,1.55,8.17,5.32
24.864,2.556,20.332,1.975,7.409,6.07,4.17,2.9,7.06,4.76
34.336,3.048,5.936,4.32,0.246,7.8,1.86,4.0,1.62,3.27
38.007,3.552,20.282,6.234,8.823,8.84,3.82,4.18,8.47,5.02
32.221,13.599,14.069,0.392,3.465,7.83,4.54,1.81,4.13,4.06
35.002,19.505,13.096,7.913,1.664,8.72,4.72,5.94,2.44,4.74
13.792,16.892,19.76,14.618,7.149,3.44,5.69,9.11,6.05,6.74
12.757,6.576,13.269,3.462,1.594,3.58,3.66,3.03,2.49,3.67
35.266,2.429,12.051,13.821,0.208,7.92,2.81,9.01,1.11,4.68
37.031,11.031,2.907,12.021,8.737,8.98,3.26,7.95,8.24,5.72
15.174,18.18,18.98,1.876,3.703,4.42,5.61,2.26,3.72,4.23
9.644,12.566,8.821,2.34,3.473,3.03,4.2,2.39,4.25,3.56
10.196,20.939,19.819,4.982,3.7,3.69,6.62,3.81,3.23,4.72
27.138,14.512,16.267,12.962,5.962,6.73,5.25,8.49,6.07,5.91
27.282,23.814,1.396,2.175,3.801,6.77,5.05,2.78,4.33,4.53
30.646,23.006,10.885,2.775,3.82,7.23,5.94,3.51,3.9,4.76
18.683,18.239,20.506,8.982,0.901,5.02,6.94,6.47,1.55,6.1
26.876,20.759,13.798,2.395,8.604,7.7,5.64,2.48,7.76,4.19
34.397,10.394,29.315,6.052,4.122,8.11,6.08,4.95,4.15,5.48
7.622,28.432,1.699,10.383,8.709,3.13,4.67,6.36,7.84,5.28
0.931,14.496,19.594,6.955,2.008,1.12,5.71,4.29,2.64,4.48
33.484,2.305,14.378,9.238,5.402,7.61,3.25,6.22,5.53,4.79
11.109,0.616,0.637,0.719,7.223,3.63,1.3,1.6,6.63,3.31
38.977,2.061,4.746,4.71,2.542,8.86,1.44,5.06,3.38,3.04
30.329,8.173,15.858,12.218,9.627,7.1,3.91,8.2,8.59,5.85
17.543,13.201,25.38,5.532,5.506,4.77,5.42,4.38,5.67,5.31
1.562,6.39,4.28,12.656,6.235,1.0,2.86,7.91,5.97,4.74
31.206,7.212,9.506,5.153,2.462,6.95,3.58,4.62,3.05,4.53
14.278,21.435,25.288,7.595,1.839,4.37,7.0,5.41,2.03,5.89
22.787,18.72,12.438,6.623,2.104,5.83,4.84,5.1,2.45,4.75
39.703,22.994,17.206,14.827,5.472,9.86,6.28,9.78,5.45,6.16
23.65,14.508,12.132,3.415,6.361,5.76,4.29,3.35,6.45,5.42
20.996,6.467,9.523,10.741,2.75,5.21,3.04,7.02,3.09,4.97
13.058,29.825,25.349,9.783,3.909,3.76,8.56,6.65,4.15,7.2
24.763,5.54,13.781,2.677,0.191,5.92,3.81,3.21,1.0,3.73
39.765,8.581,24.879,6.135,6.454,8.98,5.94,5.58,5.96,6.05
22.562,27.863,24.437,9.93,8.948,6.73,7.36,6.7,8.05,6.89
34.513,26.025,5.207,10.956,6.419,9.14,5.15,7.93,6.21,6.05
34.684,19.039,28.87,6.446,5.433,8.53,7.18,5.39,5.29,5.55
39.389,24.525,3.575,6.772,6.278,9.76,4.25,5.77,6.0,4.64
11.651,5.162,15.817,0.115,4.622,3.23,3.26,1.36,4.27,3.57
7.285,4.074,17.359,9.855,6.269,2.8,4.61,6.63,6.6,5.45
12.591,12.369,19.93,13.297,9.688,3.51,4.99,8.77,9.07,6.58
0.985,4.325,12.64,3.652,9.088,1.41,3.21,2.69,8.4,4.24
8.763,22.803,1.942,8.385,3.983,2.82,4.39,5.55,3.94,5.01
23.394,26.839,27.467,13.987,6.665,6.3,8.47,9.36,6.38,7.97
27.493,10.033,14.506,12.696,3.731,6.24,4.26,8.38,4.19,5.61
25.894,16.083,22.657,10.137,3.24,6.24,6.89,7.15,3.25,6.43
34.21,10.524,22.55,14.338,6.389,7.93,5.11,9.37,5.79,6.57
28.044,18.257,26.765,6.668,6.263,7.12,6.64,5.13,5.92,6.0
33.258,29.279,5.64,7.144,0.873,9.33,5.87,5.01,1.89,4.23
0.557,28.409,27.516,8.395,8.539,1.71,8.01,5.55,7.54,6.5
4.615,4.974,5.462,9.64,5.046,1.65,2.27,6.46,5.33,4.18
7.543,21.243,27.0,6.905,6.138,2.81,7.5,4.74,6.34,5.96
35.214,27.501,10.339,4.163,5.143,8.97,5.81,3.85,5.42,5.27
11.739,7.867,2.568,1.231,0.538,3.78,2.32,1.55,1.47,3.42
8.662,16.612,20.811,7.384,3.336,3.36,6.33,4.8,3.89,5.66
3.545,18.982,27.764,12.237,9.58,1.85,7.66,7.53,8.64,6.96
19.427,1.665,6.411,5.318,3.008,4.5,2.32,3.95,3.03,3.67
5.224,18.236,4.688,1.95,1.678,2.22,4.09,2.59,2.12,3.07
25.856,0.582,25.353,7.172,4.087,6.29,4.18,4.92,4.26,5.29
10.837,0.839,28.502,6.734,5.823,3.39,4.7,4.79,5.59,4.58
25.207,26.905,10.888,2.152,2.721,7.34,5.79,2.66,3.09,4.09
32.515,20.205,18.496,9.349,1.854,7.45,5.85,6.92,2.86,5.48
23.231,12.187,13.85,12.972,5.543,5.84,4.29,8.37,5.48,5.94
0.245,28.399,21.065,1.63,5.941,1.13,7.7,2.35,5.91,4.34
8.068,14.809,26.324,9.301,5.059,2.37,6.26,6.03,4.63,5.07
12.026,8.658,14.362,13.024,9.36,4.04,3.9,7.69,8.51,5.83
33.274,24.77,26.326,6.127,9.712,7.88,8.32,4.5,8.63,6.69
8.388,5.954,13.159,12.207,1.185,3.0,3.64,7.58,1.47,4.89
39.486,10.407,16.013,8.59,9.657,9.26,4.88,7.03,8.41,5.99
20.398,24.003,2.335,7.794,4.406,5.5,4.5,5.4,4.3,5.32
32.923,17.761,19.804,13.937,7.094,8.55,5.69,8.94,6.22,6.39
17.624,7.676,18.331,9.593,5.221,5.6,4.43,6.77,4.99,5.09
39.188,18.408,10.503,7.613,9.684,9.64,4.64,6.18,9.17,6.11
22.7,21.23,11.774,10.384,1.243,6.16,5.32,7.26,1.7,4.73
11.771,20.689,25.197,6.051,5.319,2.98,6.95,4.04,5.35,5.42
34.331,7.748,0.419,14.813,7.123,8.4,1.95,9.06,6.69,5.55
28.214,16.093,3.797,5.234,4.537,7.24,3.68,4.0,4.6,3.84
28.549,13.284,17.625,14.477,3.376,7.54,4.84,9.43,3.77,6.38
9.656,10.379,16.755,5.373,6.514,2.87,5.16,4.29,6.45,5.14
8.788,4.459,25.089,13.607,5.07,2.85,4.87,8.37,5.45,5.48
13.824,3.935,6.585,9.025,8.402,3.63,2.52,6.68,7.31,4.14
22.992,16.536,1.513,2.941,9.641,6.02,3.49,2.88,8.56,4.63
5.086,7.261,0.366,13.997,0.374,1.92,1.9,8.33,2.09,3.3
30.25,19.651,4.571,13.773,7.598,7.75,3.95,8.94,7.16,6.02
17.312,19.238,18.978,13.098,9.422,4.49,6.27,8.37,8.21,6.78
30.058,21.925,20.886,9.382,4.48,7.66,6.87,6.51,4.87,5.6
27.015,21.193,5.993,7.607,9.914,6.5,5.01,5.81,8.85,6.02
39.955,16.785,18.474,9.381,5.259,9.74,5.99,6.63,5.45,5.52
15.037,25.881,0.287,14.737,3.155,4.28,4.67,9.1,3.94,5.73
4.016,19.647,13.343,0.392,7.682,1.75,5.98,1.54,7.52,4.48
34.887,12.969,9.709,6.615,8.19,8.15,3.75,5.49,7.22,5.06
5.281,5.806,27.39,13.898,5.837,1.51,5.78,8.64,5.45,5.52
17.778,1.349,22.655,7.91,3.593,5.02,4.44,6.0,4.3,5.44
18.569,13.45,2.846,12.077,5.131,4.86,3.47,7.75,5.28,5.53
9.685,16.405,3.51,14.066,0.924,3.28,3.8,8.86,1.3,4.4
39.971,17.256,1.379,3.638,0.933,9.41,3.11,3.71,2.3,3.53
36.533,24.213,23.344,9.114,1.954,8.97,6.77,6.14,3.27,5.97
26.3,22.03,12.715,2.89,2.793,7.1,5.11,3.39,3.24,4.41
26.392,12.574,2.083,0.71,2.063,6.77,2.86,3.06,2.69,3.37
21.637,12.286,2.201,13.211,7.077,5.29,3.27,8.44,5.83,4.93
10.196,2.632,25.683,9.243,1.716,2.99,5.12,6.7,2.5,5.61
8.759,24.572,20.415,7.03,1.789,3.21,7.5,5.18,2.34,5.77
28.106,15.444,26.027,1.855,6.174,6.87,6.61,2.72,6.09,5.14
2.438,21.323,21.062,3.948,7.136,1.81,6.79,2.9,6.83,4.66
20.426,2.979,22.731,6.548,1.865,5.14,3.94,4.57,2.54,4.52
35.616,24.404,5.433,9.081,3.785,8.8,4.85,6.72,4.17,5.09
31.963,5.208,20.38,5.676,2.574,7.75,4.63,4.66,3.17,4.75
0.692,18.386,5.18,10.489,9.854,1.0,3.75,6.58,9.17,5.53
8.496,18.976,4.358,9.25,5.525,3.16,4.3,5.6,5.81,5.0
13.676,25.525,0.409,0.211,5.877,4.01,4.66,1.15,5.26,3.89
1.636,25.278,29.542,12.018,0.628,1.38,8.41,7.58,1.46,5.7
22.862,19.428,7.089,8.263,8.395,6.15,5.22,5.98,7.55,6.09
2.458,11.151,24.262,2.173,4.928,1.64,5.46,1.59,5.0,3.58
0.58,22.595,12.18,13.053,5.692,1.39,5.95,8.11,5.64,5.5
2.267,16.752,5.709,13.831,8.707,1.67,4.2,8.23,7.85,4.88
20.211,28.361,13.475,1.385,3.215,5.42,6.76,2.68,3.41,4.76
18.58,29.606,7.637,7.213,0.761,4.94,6.48,4.97,1.46,5.58
12.222,22.059,12.896,10.8,1.59,3.51,5.49,6.99,1.75,4.69
26.115,26.942,17.287,5.332,1.977,7.52,6.72,4.13,2.39,4.8
1.924,5.892,11.545,5.791,2.541,1.0,3.11,4.01,2.84,3.81
4.891,15.601,18.768,2.478,9.489,1.91,5.72,1.98,8.26,4.25
37.255,21.362,13.374,1.589,5.724,8.91,5.56,2.75,5.21,3.92
14.298,21.606,2.207,4.331,8.036,4.53,4.05,3.27,7.8,5.26
9.07,25.299,28.648,8.108,7.664,2.85,7.84,5.55,6.93,5.6
8.741,7.526,1.685,12.884,5.998,2.88,2.23,7.83,6.0,4.18
37.366,3.89,5.999,11.024,1.319,8.96,2.7,7.48,1.84,3.78
18.487,23.621,3.342,14.863,8.389,5.36,4.75,9.65,7.62,7.02
22.03,6.721,24.364,8.102,6.347,5.13,4.58,5.47,6.56,5.7
7.934,10.601,19.288,6.347,0.503,2.65,5.45,4.59,1.57,4.19
9.137,22.072,19.06,4.239,9.02,3.43,6.7,2.93,7.93,5.45
24.217,10.326,29.93,6.831,1.713,6.07,6.42,4.86,2.37,5.9
31.731,17.694,12.806,8.075,7.535,7.77,5.14,6.06,6.61,5.53
21.206,26.274,21.761,7.319,2.874,6.1,7.2,5.2,3.54,5.48
0.137,17.507,29.999,4.303,6.399,1.03,7.41,3.19,6.58,4.7
19.36,24.65,13.64,7.292,1.336,5.25,6.29,5.96,2.33,5.04
15.893,6.842,28.957,7.442,2.151,4.49,6.14,5.14,3.02,5.13
30.18,1.615,26.473,7.781,2.064,6.96,4.71,5.84,2.92,4.73
32.598,27.176,11.559,13.582,8.709,7.85,5.96,9.08,8.53,6.58
18.472,9.916,12.907,13.418,6.123,5.38,4.25,8.7,6.03,5.77
16.413,1.64,3.979,5.532,4.995,4.4,1.76,4.82,5.31,3.88
25.886,8.341,11.886,4.966,8.376,6.64,3.86,3.97,7.62,4.92
37.377,6.026,10.874,12.814,3.041,8.85,3.33,8.87,3.63,4.82
13.117,20.868,14.422,6.38,5.961,4.05,5.81,4.67,5.67,5.59
24.294,3.001,25.884,2.129,0.351,6.03,4.62,3.38,1.4,3.84
31.878,0.331,29.437,8.863,1.216,7.22,5.46,5.57,1.83,5.02
32.507,17.944,21.522,1.123,4.955,8.15,6.42,2.42,4.79,4.42
10.639,22.661,21.115,11.468,9.429,3.48,6.32,7.56,8.76,6.72
20.363,25.536,26.681,6.449,9.385,5.52,8.55,4.96,8.01,6.52
14.291,9.431,21.279,6.689,3.125,3.68,5.09,5.08,3.28,5.3
30.643,9.326,16.743,12.307,4.968,7.75,4.33,8.0,5.27,5.54
27.106,10.537,6.738,6.255,1.742,7.1,2.99,4.64,2.53,3.88
36.405,27.639,3.006,12.052,4.802,9.4,5.18,7.95,5.11,5.42
34.545,8.583,17.39,9.184,3.206,8.05,4.76,6.49,3.3,5.42
9.125,26.962,29.063,3.549,5.736,2.8,8.54,3.0,5.44,5.3
23.42,25.424,5.333,7.224,2.248,6.17,4.98,5.31,2.71,4.93
4.063,5.54,9.81,4.796,2.669,1.97,3.32,2.9,2.98,3.55
33.273,10.222,21.729,1.339,4.897,7.84,5.36,2.85,5.44,4.46
12.638,15.927,25.813,9.354,2.776,3.87,6.69,6.1,3.54,5.88
32.966,19.215,10.185,1.419,1.351,8.29,5.05,2.46,2.11,3.95
32.652,12.542,0.376,3.063,8.5,7.34,3.12,2.97,7.69,5.09
14.957,3.044,21.207,13.518,1.508,3.85,4.07,8.68,2.05,4.66
26.484,15.807,26.809,7.317,8.503,6.42,6.33,4.86,7.74,6.29
39.88,26.309,10.721,1.626,2.058,9.77,5.61,2.63,2.77,3.42
21.611,17.011,3.975,6.95,7.403,5.62,4.18,5.16,7.1,5.12
18.577,14.148,13.716,11.1,8.7,4.71,4.35,7.37,8.31,6.44
29.42,12.249,5.752,11.883,0.647,8.08,3.3,8.53,2.03,4.7
29.537,18.637,10.375,5.155,8.135,7.46,5.22,4.62,7.97,5.93
37.167,4.665,11.036,8.605,2.177,8.48,2.66,5.71,2.38,3.77
16.29,3.124,1.943,1.801,8.809,3.62,1.27,2.35,8.6,3.54
26.536,21.542,25.388,12.23,2.571,6.85,6.8,8.53,3.05,6.86
36.715,22.563,20.382,2.456,2.21,9.18,6.73,2.84,2.65,4.68
23.033,28.208,13.463,1.899,3.488,6.4,6.39,2.57,3.53,4.43
9.688,0.698,5.576,3.925,3.49,3.06,1.83,2.67,3.71,3.02
0.224,12.247,3.854,4.007,6.288,1.54,3.65,3.32,6.25,3.82
28.292,1.87,1.12,7.169,6.749,7.05,1.55,5.71,5.94,4.58
35.233,24.871,26.842,6.671,9.684,9.24,7.7,5.18,8.92,6.36
24.1,7.096,13.445,12.681,9.537,5.49,3.69,8.8,8.5,6.19
30.203,15.97,17.079,5.926,7.643,7.28,5.3,4.87,7.06,5.49
35.795,20.462,28.322,11.815,1.18,9.02,7.2,8.2,2.36,6.13
12.617,21.965,28.116,12.966,7.492,3.54,7.66,7.65,7.02,7.32
0.681,14.336,4.125,5.957,2.393,1.03,3.91,4.03,2.97,3.28
8.664,1.881,14.303,10.706,2.78,2.69,3.1,6.98,3.2,4.17
21.285,17.561,2.716,12.581,4.736,4.8,3.73,7.77,4.79,5.63
19.499,7.634,9.657,7.406,0.193,4.89,3.38,5.51,1.07,3.98
11.582,3.208,10.804,10.489,8.816,2.96,2.85,7.48,7.9,5.16
38.579,22.548,6.188,6.097,6.41,9.68,5.05,5.18,6.01,5.14
37.977,20.58,24.063,14.185,1.066,9.06,6.58,9.41,1.91,5.98
4.233,20.06,22.207,10.765,1.449,2.36,6.57,6.81,2.25,5.21
7.658,20.588,7.652,4.427,0.856,2.1,4.68,3.93,2.15,3.71
29.104,29.595,17.056,13.586,4.946,7.33,7.1,9.1,5.09,6.54
5.912,23.125,15.023,1.882,2.082,2.02,6.06,2.09,2.76,4.25
34.752,18.443,17.522,13.865,7.575,8.56,5.61,8.99,7.16,6.21
39.715,8.237,19.518,5.917,9.215,9.37,4.99,4.93,8.07,5.86
14.655,19.197,1.086,2.164,1.954,4.39,4.06,2.37,2.61,3.54
8.454,4.819,13.279,15.0,5.131,2.69,2.75,8.78,5.33,4.7
20.126,3.374,24.293,14.023,0.582,5.08,4.89,8.65,1.45,5.25
37.655,22.244,29.114,2.838,3.706,9.51,8.43,3.24,4.04,5.58
28.217,0.226,14.789,14.98,1.384,6.87,2.85,9.68,2.64,4.35
7.095,9.176,18.809,13.247,0.282,2.65,5.24,7.8,1.33,4.82
37.333,5.451,0.243,14.371,9.662,9.32,2.03,9.38,8.29,5.32
6.779,4.299,0.717,7.673,1.332,2.03,1.92,4.58,1.99,3.06
5.427,23.472,14.957,14.662,7.769,2.24,5.8,8.92,6.89,6.4
23.776,25.641,9.458,8.45,9.411,7.0,5.79,6.19,8.07,6.52
25.364,16.281,28.123,0.017,9.869,6.42,7.43,1.51,8.8,5.46
2.925,20.417,19.828,3.884,3.243,1.44,6.48,3.24,3.68,4.18
4.369,22.556,16.429,11.35,6.192,1.34,5.94,7.22,5.78,5.69
8.403,24.435,13.779,13.932,5.801,2.61,5.72,8.46,5.2,6.59
17.025,29.919,26.899,4.741,2.347,4.63,8.44,3.46,2.8,5.09
19.408,7.128,20.12,13.173,8.479,4.93,4.66,8.72,8.16,7.12
29.937,0.742,25.812,1.923,8.453,6.81,5.04,2.73,7.48,5.14
35.524,5.475,25.753,10.813,8.01,8.19,4.76,7.43,7.09,5.24
11.173,2.999,20.527,3.608,9.042,3.38,4.33,3.2,8.26,5.13
19.326,2.487,25.14,6.856,3.173,4.8,4.02,4.8,3.71,5.19
18.703,26.024,18.247,2.95,5.668,5.26,7.58,2.82,5.42,5.84
0.911,15.475,24.816,3.779,6.777,1.51,6.41,3.32,6.49,4.32
11.165,22.882,13.685,0.793,6.36,3.68,6.15,1.56,6.28,4.54
2.43,4.456,21.491,2.78,7.36,1.62,5.0,2.67,7.11,4.69
21.328,12.731,7.532,13.002,6.223,5.23,3.73,8.51,6.17,5.87
14.908,1.133,6.015,7.545,4.872,4.62,1.41,5.38,4.73,4.08
32.732,11.682,22.242,13.539,6.942,7.85,5.59,8.56,7.02,6.02
31.032,10.825,21.772,2.666,2.18,7.51,5.4,3.32,2.78,4.58
21.919,19.485,6.172,13.569,0.745,5.45,4.64,8.38,1.79,6.04
33.222,25.69,7.219,13.902,4.393,8.4,5.48,9.12,4.83,6.44
13.711,13.251,29.003,10.102,3.71,3.91,6.81,6.62,3.91,5.85
0.352,27.613,10.554,11.625,4.109,1.35,5.65,7.26,4.32,5.4
13.933,22.951,23.442,14.512,6.608,4.3,7.21,8.95,6.23,7.31
26.341,6.741,29.022,13.355,9.487,6.13,5.81,8.11,8.68,6.61
13.077,9.865,27.932,9.543,6.914,3.69,6.26,6.81,6.52,6.41
36.353,22.117,0.668,7.86,3.261,9.47,3.79,5.89,3.87,5.01
15.788,14.056,22.518,0.351,8.157,4.6,5.87,2.18,7.0,4.61
30.972,10.343,14.104,8.297,1.301,7.74,4.59,6.27,2.43,4.61
7.36,6.699,16.225,11.54,2.081,2.66,4.21,7.51,2.54,5.06
9.53,15.047,0.807,0.642,8.804,3.26,3.29,1.68,8.23,3.66
5.85,19.124,18.756,2.608,8.129,2.3,7.13,2.32,7.78,4.94
27.431,6.552,1.57,12.253,2.255,6.78,1.89,8.45,3.08,4.76
29.829,18.826,13.42,3.598,8.961,8.22,5.3,3.37,8.18,5.32
31.579,17.998,29.275,11.247,0.929,8.35,7.86,7.74,1.88,5.91
39.965,27.176,3.821,9.141,5.072,10.0,4.69,7.3,5.27,5.05
19.696,8.709,15.831,5.04,6.836,5.22,4.41,4.63,6.46,5.38
27.162,2.948,11.678,5.332,5.082,6.35,2.89,4.64,4.84,4.37
17.32,14.197,26.98,5.205,9.074,4.52,6.43,3.97,7.88,5.86
9.807,25.425,1.828,7.396,7.325,3.62,4.84,5.3,6.83,5.61
26.386,8.431,8.68,13.189,2.973,6.28,3.49,8.48,3.27,4.85
11.062,9.396,21.675,11.845,9.62,3.4,5.18,7.45,8.86,6.45
27.316,5.885,20.561,1.152,7.804,6.37,4.39,1.82,7.45,4.5
36.872,26.05,29.524,7.81,8.028,9.56,8.28,5.41,7.57,6.75
27.123,28.584,20.294,10.395,8.716,7.41,7.24,7.53,7.53,7.27
5.351,1.581,5.883,1.884,3.048,1.6,2.14,2.0,2.99,2.92
11.065,14.632,23.814,3.697,8.251,3.52,6.44,3.29,8.34,5.69
36.254,11.987,7.975,10.768,0.435,8.91,2.97,7.99,1.0,4.66
29.062,4.59,24.944,6.109,3.516,6.51,5.57,5.05,3.98,5.07
38.179,17.387,27.621,9.011,2.637,9.53,6.55,6.56,2.98,5.84
27.171,24.353,5.799,14.717,8.512,7.13,5.34,9.31,7.72,6.66
18.851,0.642,3.442,1.768,4.569,4.46,1.71,1.97,4.87,2.87
8.464,6.863,13.276,9.198,2.818,2.84,4.05,6.49,3.03,4.83
19.998,19.344,4.371,13.02,4.286,5.11,4.23,7.83,4.84,5.73
5.088,3.762,27.219,5.967,3.257,2.01,5.83,4.6,3.36,4.69
37.128,25.132,23.743,0.058,1.247,9.8,7.47,1.82,1.73,4.05
4.851,6.253,11.499,1.305,4.018,1.93,3.48,1.85,4.35,3.22
12.767,23.109,0.768,14.824,2.929,3.89,3.84,8.93,3.51,5.33
10.873,28.387,14.991,12.122,6.064,3.34,6.81,7.43,6.02,7.18
13.427,4.653,14.432,9.014,6.031,4.37,3.29,6.7,5.74,5.13
7.613,15.254,24.851,11.699,0.169,2.65,6.77,6.95,1.0,5.01
9.83,19.892,6.726,10.348,2.674,3.5,4.09,6.52,3.35,4.8
4.338,2.389,18.008,9.118,9.219,1.93,4.06,6.92,8.21,4.83
36.014,3.455,12.009,1.291,7.458,8.88,2.87,2.54,6.32,4.24
5.951,23.473,12.308,13.765,9.601,2.72,5.81,8.76,9.17,6.58
6.801,4.444,8.487,2.577,4.353,2.35,2.9,2.67,4.28,3.44
24.892,19.462,15.375,4.063,7.124,6.78,5.73,3.82,6.9,5.51
15.945,7.952,23.481,3.679,2.914,4.47,5.16,4.14,3.02,4.63
30.5,3.472,18.543,2.708,7.454,7.09,4.22,3.33,6.71,4.42
21.658,15.834,0.776,0.392,6.893,5.68,2.95,1.11,6.94,4.06
4.211,11.01,2.527,10.141,9.072,1.75,2.91,6.46,8.08,4.76
8.016,27.285,2.547,7.517,9.338,2.94,4.91,5.14,8.41,5.54
9.096,1.506,22.917,9.491,8.604,2.34,3.99,6.19,7.43,5.41
8.273,2.793,5.809,1.423,8.009,2.61,2.05,2.15,7.28,3.57
19.882,24.203,22.8,1.781,0.418,6.08,7.03,2.57,1.75,4.75
11.793,13.582,16.586,5.277,5.315,3.47,4.95,4.17,5.36,4.86
24.163,2.08,23.313,2.353,9.169,6.02,4.33,2.65,8.18,4.52
29.469,20.7,2.636,6.403,5.988,7.4,4.26,4.71,5.56,5.5
10.162,6.784,4.993,10.261,0.536,3.23,2.75,6.96,1.56,4.12
22.477,2.656,11.35,5.415,9.523,5.14,2.96,4.09,8.63,4.93
35.978,9.162,27.306,14.61,2.272,8.38,5.74,9.47,3.24,5.96
2.434,10.395,18.811,12.841,4.503,2.31,4.9,7.94,4.76,5.05
1.212,24.023,20.055,3.847,0.174,1.56,6.94,3.37,1.0,3.78
16.735,18.029,26.728,10.774,8.2,5.11,7.3,6.82,7.79,6.96
11.025,11.222,13.475,12.477,1.174,3.18,4.53,7.73,2.2,4.77
9.703,29.462,8.799,2.389,3.059,3.47,5.74,2.32,3.97,4.44
10.177,2.675,28.041,8.206,8.626,3.3,5.43,5.59,7.62,5.56
25.678,5.131,15.111,9.088,3.572,6.1,3.34,7.35,4.33,5.04
2.362,10.363,2.891,0.797,1.658,1.54,2.82,2.16,2.24,2.83
20.942,24.387,18.818,3.205,5.094,6.3,6.61,2.75,4.91,5.02
37.969,12.469,11.148,2.611,8.209,9.03,4.09,2.69,8.14,3.94
17.714,4.376,19.466,2.02,3.673,4.74,3.83,2.12,3.99,4.53
5.131,20.41,13.562,5.595,1.782,1.85,5.29,3.55,2.53,4.1
37.743,18.273,12.605,1.215,8.708,9.0,4.88,2.7,7.72,4.81
21.412,15.124,12.935,2.285,5.588,5.31,5.14,2.74,5.51,4.63
10.268,21.811,17.66,11.194,8.972,2.95,6.19,7.21,8.5,6.6
8.137,19.893,10.949,8.679,0.117,3.4,4.99,5.85,1.44,5.49
10.628,24.649,20.103,13.253,8.851,3.58,6.56,8.24,8.02,6.99
14.021,28.269,8.987,2.29,6.006,4.09,5.84,2.53,5.55,4.71
3.282,10.468,2.667,14.084,2.828,1.62,2.91,8.26,3.34,4.66
24.617,1.397,28.31,11.925,7.857,5.57,5.11,8.1,7.25,6.76
30.489,14.288,5.243,8.594,3.023,7.05,3.7,6.43,3.3,4.26
31.592,19.818,28.561,11.816,5.653,8.2,7.83,7.95,5.91,6.94
29.375,25.059,28.385,3.171,2.857,7.54,8.14,2.83,2.78,5.05
2.49,20.604,23.556,12.471,2.097,1.57,6.47,7.45,2.31,5.39
21.86,13.3,0.164,7.913,9.327,6.07,2.54,5.69,8.5,4.94
1.508,27.547,20.966,5.364,2.892,1.29,7.63,4.56,2.77,5.2
35.531,28.184,22.63,3.216,5.013,9.21,7.89,3.26,5.1,5.16
19.447,29.724,1.724,13.931,5.368,6.06,4.91,8.87,5.59,6.38
32.413,11.008,1.85,10.936,7.067,7.97,2.85,7.99,6.93,4.75
12.17,25.575,12.318,8.992,2.239,3.51,5.95,6.09,2.61,5.51
27.546,19.575,28.426,12.218,8.307,7.37,7.77,7.99,7.55,7.47
36.748,5.289,16.547,1.968,4.387,8.42,4.58,3.02,4.4,4.47
13.532,1.245,11.982,6.176,8.77,3.39,2.91,4.37,8.05,4.79
12.537,18.245,0.103,14.53,2.648,3.68,3.61,9.12,2.85,4.67
23.731,4.653,20.283,11.927,9.244,6.22,4.61,7.64,8.51,6.48
0.432,15.035,19.018,2.855,5.123,1.7,5.67,2.25,4.79,3.41
25.124,27.005,23.532,5.808,1.361,6.8,7.43,4.53,2.23,5.78
15.743,29.095,10.405,2.893,7.198,4.64,5.9,2.71,6.48,4.93
39.778,24.609,26.171,13.392,4.131,10.0,7.41,9.14,4.52,6.14
1.605,18.561,21.983,2.588,5.926,1.65,6.29,2.46,5.96,3.91
1.274,12.555,16.125,2.213,5.629,1.01,4.82,2.35,5.64,3.48
26.286,10.159,23.654,5.332,7.593,6.45,5.16,3.72,6.9,5.43
5.925,6.151,21.699,1.795,9.138,2.6,4.93,1.79,8.18,4.4
27.491,10.766,18.471,14.18,9.041,6.81,5.33,8.98,8.18,7.23
19.423,23.407,12.116,3.872,9.637,5.62,5.38,3.4,8.33,5.14
13.786,16.519,8.212,0.41,8.24,4.27,4.31,1.57,7.46,4.35
18.927,7.276,12.105,5.936,2.148,4.49,3.93,4.17,3.0,4.26
2.903,29.291,13.236,4.951,8.154,1.56,6.52,3.81,7.44,4.9
9.789,26.208,11.268,9.052,0.177,3.32,6.19,6.4,1.56,5.43
20.724,25.469,0.226,3.593,8.202,5.7,4.86,3.35,8.03,5.9
29.944,24.128,24.987,10.16,9.063,8.08,7.59,6.95,8.28,6.76
9.974,15.97,14.071,12.983,1.876,3.13,4.92,7.95,2.91,5.2
19.017,28.282,25.811,3.568,8.126,5.49,7.72,3.5,7.56,5.53
32.303,19.744,0.131,7.559,9.513,7.91,3.66,5.78,8.71,5.62
38.638,24.472,28.208,13.704,3.847,10.0,8.41,9.1,3.91,6.83
25.562,4.859,7.062,2.834,9.436,6.23,2.37,2.78,8.93,4.59
23.551,21.414,6.733,7.31,6.347,6.32,4.26,4.88,5.91,5.2
20.369,10.837,25.749,3.431,8.592,5.66,5.89,3.09,8.05,5.33
16.928,8.774,19.443,5.99,2.449,4.46,4.32,4.25,3.26,4.77
28.417,7.903,19.749,7.161,1.96,7.09,4.1,5.66,2.69,4.98
6.206,3.104,16.694,3.943,6.894,2.62,3.94,2.98,6.94,4.64
35.784,19.298,16.64,8.161,3.283,8.82,5.77,5.88,3.96,5.74
33.501,1.717,4.776,6.656,6.731,7.39,2.0,5.32,7.01,3.77
16.66,29.782,25.183,6.862,0.331,5.33,9.16,5.24,1.01,6.21
33.744,23.691,26.655,7.219,5.698,8.95,7.73,5.84,5.21,6.14
3.316,24.139,14.527,8.31,7.926,1.73,6.14,5.42,7.63,5.57
32.294,28.507,14.33,3.874,4.884,8.27,6.64,3.65,4.52,5.09
27.598,28.444,10.618,9.059,1.067,7.46,6.41,6.76,1.74,6.32
8.549,7.942,9.912,7.828,5.845,2.66,3.27,5.66,5.54,4.71
29.753,15.76,25.58,9.075,8.328,7.25,6.13,6.53,7.36,5.91
13.663,27.818,12.528,4.568,1.73,3.72,5.66,3.17,3.08,4.34
14.637,7.493,1.188,14.719,8.652,4.22,2.19,8.98,8.51,5.47
5.629,0.109,6.692,9.236,0.923,2.23,1.3,5.8,1.77,3.64
34.329,13.775,11.647,0.12,7.128,8.21,4.35,1.71,6.83,4.28
29.532,8.227,26.2,10.625,5.605,7.14,5.58,7.95,5.23,6.29
5.84,4.298,5.843,12.357,4.907,2.65,2.32,7.57,5.02,3.81
26.419,28.7,27.408,0.578,2.185,7.26,8.9,1.6,2.64,5.06
18.427,6.044,26.963,7.794,1.207,4.57,5.19,5.55,1.97,5.17
18.416,24.419,4.557,7.528,4.556,5.11,4.49,5.59,4.94,5.3
9.384,25.084,29.957,7.196,9.889,2.86,7.88,4.9,9.37,6.67
25.313,23.957,29.198,6.623,2.462,6.4,7.89,4.93,2.51,5.1
22.986,5.906,1.347,10.672,8.817,5.98,2.03,7.03,8.22,4.75
25.155,20.853,28.438,5.825,9.145,6.67,7.29,4.56,8.17,6.38
5.098,20.365,28.268,4.286,2.826,2.11,8.01,4.01,3.11,4.98
13.633,19.051,18.408,14.489,3.318,3.64,6.09,9.06,3.57,6.45
22.355,14.852,17.683,12.088,9.778,5.53,5.6,7.82,8.4,6.34
23.718,17.963,2.331,1.037,3.912,6.53,3.98,2.27,4.03,4.28
36.387,7.725,21.12,13.089,6.687,8.55,4.87,8.51,6.75,6.18
34.003,10.9,17.084,0.3,0.499,8.52,4.86,1.74,1.16,3.66
14.359,29.3,12.097,5.991,3.191,4.14,6.81,4.24,3.22,4.94
2.695,29.77,25.332,6.542,7.311,1.67,8.19,4.67,6.89,6.21
22.232,18.855,27.441,2.154,7.767,5.81,7.03,3.02,7.84,5.24
15.273,1.314,28.916,0.999,8.945,4.16,4.67,1.67,8.13,4.42
30.441,13.593,16.165,11.64,6.089,7.48,5.18,7.66,6.15,5.99
17.148,3.997,20.911,4.707,9.673,4.39,4.03,3.57,8.64,4.81
21.561,24.761,25.995,8.602,9.754,5.7,7.6,5.77,8.87,6.77
15.204,6.666,3.532,2.059,3.632,4.01,2.17,2.24,4.45,3.66
35.088,3.396,3.711,6.55,3.368,7.88,2.24,5.52,3.67,4.07
30.625,26.034,28.452,12.634,3.594,7.94,7.98,8.47,4.0,6.64
36.188,8.716,8.414,3.242,3.976,8.96,3.15,3.64,4.39,3.7
12.009,14.39,9.057,5.189,0.02,3.5,4.33,4.1,1.0,4.25
30.152,24.827,18.553,8.771,7.089,7.56,7.13,6.31,6.56,6.41
3.001,22.279,26.275,1.432,8.035,1.88,7.04,2.08,7.26,4.86
10.592,16.639,23.524,10.172,0.957,3.16,6.73,5.85,1.81,4.75
20.609,21.347,14.181,11.71,0.741,5.87,5.87,7.82,1.0,5.97
38.747,6.049,19.105,7.851,9.416,8.74,4.7,6.57,7.87,5.81
34.894,25.202,16.093,6.992,8.45,8.96,6.3,5.16,7.76,6.05
31.44,5.85,1.452,7.06,2.915,7.42,2.2,5.39,3.94,3.8
30.668,21.064,2.642,2.214,9.611,7.92,4.63,2.94,7.98,4.58
2.316,29.485,26.446,11.012,5.616,1.29,8.7,7.73,5.28,6.35
18.796,0.578,7.049,12.938,7.311,4.57,2.12,7.86,6.51,5.02
10.044,26.075,19.969,3.206,6.082,3.57,7.48,2.95,5.66,4.62
37.186,21.748,21.168,11.886,8.248,9.64,6.71,8.03,7.8,7.05
29.434,18.29,24.246,0.576,3.354,7.44,6.79,1.24,3.97,4.42
21.112,24.402,12.36,3.558,5.915,5.74,6.19,3.07,5.72,5.44
23.321,8.631,12.413,14.158,4.314,5.88,4.05,9.38,4.35,5.41
16.515,25.284,15.632,1.97,2.691,4.99,6.83,2.81,3.13,4.73
31.806,13.41,25.115,4.905,3.95,7.23,6.05,4.52,4.15,4.98
26.401,24.985,26.776,0.347,1.383,6.98,7.79,1.45,2.12,4.2
22.982,0.635,4.083,0.859,3.11,5.66,1.54,1.6,3.7,3.32
5.391,4.594,14.092,6.945,0.875,2.04,3.68,5.04,1.75,4.75
9.942,28.612,21.94,9.17,2.559,2.79,7.89,6.41,3.01,6.17
14.795,20.781,13.751,6.617,6.955,4.1,5.59,4.54,6.97,6.38
13.947,9.58,8.924,1.023,1.51,3.95,3.23,2.11,2.28,3.78
4.151,16.821,22.52,11.48,5.137,1.42,6.42,7.42,5.03,5.86
38.193,16.551,6.08,0.538,0.899,9.54,3.76,2.55,1.95,3.24
16.351,15.806,8.533,1.855,2.994,4.26,4.23,2.05,3.73,3.49
24.409,25.118,14.1,5.686,9.149,6.27,5.63,4.52,8.92,5.66
36.838,24.458,14.102,10.161,0.466,9.74,5.8,6.98,1.17,5.16
18.957,9.379,7.627,11.426,6.704,5.13,3.6,6.95,6.04,5.56
12.615,7.815,15.599,2.416,0.678,3.01,4.1,2.74,1.59,3.77
38.7,17.692,22.7,8.809,1.195,9.56,6.04,6.2,1.86,4.77
35.588,19.582,11.821,10.338,9.094,8.99,5.24,6.96,8.41,6.39
31.33,6.35,16.611,14.674,6.091,7.71,4.57,9.23,5.71,5.81
35.149,29.037,22.986,1.037,7.347,9.58,7.83,1.86,6.98,4.97
19.54,8.561,27.283,5.41,4.187,5.45,5.68,4.35,4.34,5.43
34.823,6.264,12.367,6.417,8.253,7.89,4.13,4.77,7.42,5.2
36.273,14.866,28.06,4.191,7.417,8.72,7.01,4.25,6.55,5.54
17.187,9.62,2.884,2.372,2.741,4.3,2.72,2.68,3.36,3.62
8.081,5.796,24.516,1.668,9.706,2.63,5.21,2.18,9.15,4.98
11.373,23.054,14.398,14.614,7.389,3.74,6.08,9.07,6.63,6.64
19.956,22.56,12.253,0.252,7.54,5.35,5.86,1.77,7.0,4.55
38.236,16.495,27.045,8.111,5.088,9.43,6.83,5.88,5.32,5.65
7.241,28.243,11.077,13.193,8.428,2.93,6.03,7.8,8.1,6.94
38.223,5.821,29.13,5.591,5.498,8.9,5.61,5.4,5.27,5.7
2.911,26.74,15.46,5.653,2.32,1.6,6.97,3.8,2.92,4.19
37.974,12.552,23.739,14.944,6.547,8.97,6.04,10.0,5.97,6.6
7.433,18.583,5.765,1.358,6.099,2.42,4.1,1.99,6.09,3.7
16.193,22.497,26.456,3.524,5.713,4.34,7.54,3.57,5.49,5.39
2.73,21.086,23.963,10.309,4.866,1.48,7.11,6.44,4.7,5.52
16.405,10.539,3.321,13.723,8.369,4.62,3.4,8.78,7.69,5.98
29.398,15.882,28.984,11.709,7.879,7.45,7.3,7.95,7.62,7.59
14.004,19.52,5.025,14.835,5.876,3.63,4.3,9.03,5.29,6.02
30.809,29.297,29.135,9.544,4.341,8.08,8.74,6.86,4.52,6.5
17.997,8.006,21.845,14.587,5.812,4.69,4.82,9.42,6.05,7.24
29.113,5.29,2.072,13.516,3.712,6.92,2.08,8.55,3.63,4.75
21.554,26.816,22.78,0.442,6.858,6.23,7.99,1.92,6.16,5.54
20.567,8.368,26.782,7.449,6.97,5.3,5.29,5.27,6.83,5.93
36.782,22.22,14.91,1.597,8.574,9.12,6.0,2.58,7.93,4.43
4.759,4.258,13.834,2.75,0.074,2.49,3.35,2.75,1.34,2.96
27.284,18.723,29.306,0.249,4.792,6.67,7.82,1.69,5.13,5.21
24.992,13.015,23.412,5.161,5.035,6.59,5.97,4.31,5.19,4.75
1.344,25.785,22.113,10.789,3.937,1.0,7.26,6.67,4.95,5.72
3.653,0.381,23.526,11.092,7.555,1.8,3.99,7.0,6.88,5.52
27.132,14.329,29.747,13.449,0.169,6.5,6.54,8.65,1.0,5.71
7.942,6.573,24.266,11.252,9.935,2.96,4.94,7.18,9.65,5.77
16.603,9.341,22.076,7.963,4.259,4.3,5.57,5.87,4.1,5.53
36.816,9.23,4.801,0.278,2.658,9.22,3.25,2.24,2.86,2.73
15.995,24.589,24.005,14.476,1.64,4.74,7.5,8.99,2.54,6.83
39.736,17.576,5.286,13.277,7.517,9.69,3.62,8.91,7.34,5.71
5.895,20.106,18.637,8.791,7.851,2.54,6.21,6.19,7.57,6.45
24.05,3.616,2.669,14.58,9.46,5.85,2.22,8.88,9.03,6.02
7.623,24.778,14.617,13.68,9.32,2.39,6.18,8.19,7.96,6.04
15.475,7.939,3.37,0.159,9.934,4.28,2.95,1.34,9.07,4.5
24.415,28.685,27.035,10.339,6.683,6.98,8.49,7.05,5.89,7.09
11.154,1.744,23.487,12.103,6.228,3.1,5.04,8.01,5.87,5.95
26.433,15.486,22.048,14.84,4.575,6.6,6.47,9.23,4.44,6.3
4.714,12.49,16.536,6.183,6.31,2.09,4.64,4.54,5.92,4.78
23.129,7.211,26.115,9.861,4.666,5.49,5.28,6.78,4.98,6.09
25.267,3.216,7.719,8.876,1.224,5.77,2.46,6.36,1.99,4.17
13.427,7.508,26.691,14.013,7.802,3.62,5.57,8.77,7.6,6.6
3.316,1.979,10.067,6.043,5.32,1.88,2.29,4.23,5.54,3.79
20.427,7.088,4.704,1.73,2.92,5.31,2.44,2.16,3.54,3.58
1.951,27.918,21.323,3.793,6.354,1.71,7.71,3.8,5.66,4.68
8.141,22.635,20.758,0.651,4.677,2.45,6.75,1.92,4.96,4.08
0.739,29.636,26.757,8.928,2.956,1.04,8.81,6.43,3.17,6.45
23.328,29.529,28.79,7.458,3.262,6.51,8.69,5.63,4.01,6.31
23.502,6.152,4.951,1.122,1.464,6.0,2.54,2.53,2.26,3.04
8.876,8.213,4.572,13.127,2.587,2.67,2.99,8.52,3.33,4.72
15.877,13.285,4.653,11.481,1.636,4.13,3.28,7.21,2.11,4.51
39.66,19.891,15.774,1.891,3.239,9.25,5.91,2.76,3.28,4.33
32.325,26.412,24.976,9.236,7.504,8.09,7.28,5.89,7.07,6.47
16.294,27.739,28.052,7.776,1.559,4.21,8.59,5.37,2.05,6.42
21.739,2.25,13.291,6.166,3.825,5.18,2.99,4.87,4.35,4.05
15.116,9.651,26.311,13.83,3.889,3.78,5.77,8.26,3.8,5.44
21.272,4.834,21.833,2.958,9.143,5.83,4.87,3.14,7.9,5.26
28.892,9.868,8.179,6.824,7.983,6.61,3.99,5.48,7.3,4.92
36.627,13.899,18.886,11.96,1.74,8.57,4.88,7.42,2.27,5.02
6.866,28.905,25.388,12.876,1.426,2.32,8.18,8.26,1.94,6.3
15.036,13.554,17.051,7.194,7.395,3.96,5.16,4.99,6.67,5.37
31.182,0.287,24.947,7.392,3.427,7.34,4.16,5.55,4.02,5.05
33.567,12.562,20.197,0.968,9.876,8.12,5.14,2.04,9.08,5.35
24.896,12.392,20.861,9.665,2.079,5.97,5.26,6.83,2.7,5.43
20.324,9.183,17.686,8.678,5.874,5.23,4.79,6.27,5.75,5.93
3.114,12.39,19.42,2.785,8.513,1.66,4.87,2.31,7.72,3.66
12.547,8.981,29.285,6.222,1.856,4.08,5.7,4.3,2.29,4.73
20.969,29.7,15.402,10.494,8.186,6.07,6.68,6.9,7.67,7.19
20.452,10.503,13.749,8.842,4.401,5.18,4.46,5.96,4.72,5.41
15.33,16.966,14.432,4.762,2.106,4.64,4.52,3.78,3.18,4.43
2.461,15.095,23.638,13.297,3.249,1.81,6.71,8.5,3.97,6.47
31.127,10.794,26.056,14.073,6.631,7.63,6.17,8.94,5.96,7.01
5.125,0.879,13.017,0.401,4.309,2.32,2.78,1.54,4.83,3.12
10.573,6.858,11.182,0.067,5.825,3.43,3.56,1.1,6.02,3.43
31.494,4.37,6.14,6.224,0.523,6.79,2.58,5.25,1.56,3.92
4.357,9.173,18.339,0.261,3.285,2.19,4.39,1.66,4.29,3.7
16.491,23.994,12.607,11.05,4.313,4.31,5.82,7.1,4.43,5.65
32.16,28.738,5.71,3.519,4.192,8.02,5.42,3.05,4.58,4.49
38.822,13.93,20.575,10.298,2.082,9.89,5.12,7.22,2.67,5.04
28.041,18.094,17.208,10.908,6.978,6.85,5.73,7.34,7.09,6.73
0.538,13.663,27.401,6.738,2.899,1.0,6.11,4.61,3.25,4.52
6.197,19.12,0.934,13.531,6.581,3.37,3.48,8.67,6.41,5.96
33.693,1.628,20.915,6.008,5.353,7.81,3.76,4.66,5.35,4.8
11.771,12.128,28.268,14.889,2.819,3.43,6.76,8.94,3.06,6.09
37.018,23.608,3.469,3.441,8.451,9.27,4.62,3.23,7.56,4.76
36.768,0.863,19.304,6.699,1.127,8.95,3.98,5.2,2.03,4.18
33.596,25.993,15.825,7.978,9.25,8.52,6.7,5.79,9.2,6.62
9.85,15.106,19.084,3.567,3.027,3.01,5.64,3.13,3.21,4.19
21.121,13.279,13.966,6.584,5.497,6.09,5.0,4.77,4.83,5.43
39.987,15.698,6.157,0.494,1.676,9.84,3.82,1.75,2.31,3.35
12.114,28.026,2.865,9.211,8.164,3.4,5.12,6.26,7.68,5.88
39.655,16.781,9.064,7.515,0.256,9.4,4.4,6.08,1.19,4.61
1.02,26.679,29.368,9.86,6.121,1.61,8.24,6.18,5.78,6.04
10.287,17.099,12.965,3.199,6.209,3.65,4.7,3.27,6.17,4.62
5.332,17.142,5.606,11.149,3.926,2.11,4.11,6.9,4.21,4.56
5.282,26.38,1.826,6.646,5.414,1.99,4.29,4.5,5.02,4.82
22.918,2.101,16.705,5.21,5.231,5.74,3.55,4.25,5.31,4.53
32.982,24.434,24.107,4.396,2.546,8.92,7.61,4.16,2.99,4.72
13.257,16.736,10.752,10.755,7.032,3.92,4.72,7.19,6.83,5.3
6.021,26.588,25.827,14.378,9.42,2.64,8.05,8.46,8.9,7.19
29.959,8.885,6.666,11.461,2.654,7.46,2.92,7.22,3.37,4.6
0.514,8.842,29.127,11.125,1.0,1.0,5.88,6.95,1.97,5.05
19.499,21.5,13.355,6.968,0.067,5.03,5.86,5.27,1.0,4.97
3.078,9.509,2.297,10.23,2.139,1.99,2.64,6.29,2.75,3.92
3.645,16.036,17.827,14.008,4.829,1.81,5.35,8.3,4.94,5.72
5.632,9.575,26.059,6.71,6.403,2.05,6.22,3.99,6.29,5.07
32.915,10.505,26.092,2.686,0.499,7.36,6.05,3.14,1.47,4.32
35.84,7.427,26.418,8.86,8.095,8.03,5.67,6.38,7.64,5.97
38.368,21.875,19.879,4.704,1.392,9.94,6.49,4.24,2.29,4.54
6.472,11.745,22.477,1.348,0.012,2.23,5.48,1.36,1.0,3.34
0.794,20.599,16.534,14.83,6.708,1.0,5.77,8.72,6.06,6.0
38.047,6.704,10.765,3.82,5.785,8.88,3.37,3.69,5.82,4.19
5.917,11.136,18.47,12.938,2.688,2.35,5.26,8.3,2.67,5.14
22.136,25.165,13.608,6.874,9.132,6.0,6.09,5.38,8.43,6.2
4.084,2.643,14.318,10.949,4.249,2.01,3.92,6.83,4.09,4.18
24.047,1.135,0.776,4.954,4.386,5.87,1.72,3.87,4.67,3.85
10.814,17.549,22.629,1.017,4.711,3.13,6.46,1.77,4.75,4.48
3.505,28.548,15.984,12.245,0.529,1.79,6.92,8.3,1.33,5.69
7.438,10.785,4.972,11.381,7.615,2.35,3.54,7.3,6.83,5.23
28.588,1.896,25.848,2.586,4.487,6.53,4.93,3.46,4.22,4.42
29.542,14.312,2.826,8.317,9.867,7.26,3.58,6.5,8.9,5.87
18.878,15.969,1.882,14.5,5.07,5.45,3.71,8.97,5.29,5.68
7.542,4.672,1.418,13.298,3.705,2.81,1.66,8.16,4.01,3.79
24.48,0.848,28.102,2.994,8.523,5.76,5.33,2.93,8.46,5.4
35.7,26.335,25.556,5.022,4.309,9.12,8.08,4.58,4.1,5.52
28.889,17.631,11.391,7.565,8.306,7.39,5.01,5.78,7.49,6.12
37.137,18.745,12.193,3.575,6.672,9.4,5.4,4.61,6.46,5.4
39.517,1.824,21.801,12.163,6.87,9.03,4.17,7.97,6.71,5.2
5.438,18.844,8.352,10.159,7.12,2.06,4.41,6.22,6.38,5.64
17.487,18.275,11.755,12.334,8.127,4.71,5.1,7.8,7.71,6.44
36.624,26.301,2.381,6.729,5.262,8.98,5.03,5.11,5.2,4.69
22.058,6.888,7.889,8.945,8.586,5.55,3.17,6.21,8.26,4.98
9.87,4.482,22.36,3.864,6.585,2.86,4.68,3.78,6.69,4.72
21.69,5.896,8.304,11.278,7.022,5.69,3.24,7.52,6.29,5.38
24.878,9.653,8.978,13.089,8.37,5.92,3.2,8.73,7.6,5.45
33.402,1.554,20.845,4.965,2.745,7.13,4.15,4.4,3.33,4.96
36.568,11.234,22.996,12.553,6.655,8.83,4.99,8.19,6.73,6.39
26.227,28.74,5.915,8.955,5.151,6.92,6.1,4.89,5.42,5.17
22.065,22.677,24.715,4.694,9.927,6.0,7.4,4.05,8.82,6.04
8.789,1.633,20.132,6.144,4.209,3.08,3.99,4.03,4.7,3.63
11.555,20.245,27.381,7.806,4.774,4.02,7.45,5.49,4.44,6.16
34.799,16.35,16.754,3.001,5.289,8.64,5.47,3.48,5.61,4.59
9.526,6.523,14.482,0.244,4.303,3.34,3.64,1.03,4.37,3.07
23.21,12.557,25.329,0.269,7.675,6.17,5.84,1.81,6.84,4.7
25.17,18.645,24.401,3.599,5.288,6.81,6.99,3.9,5.4,5.34
31.223,3.788,21.154,9.638,4.754,7.58,4.15,7.25,4.9,5.03
20.07,20.48,24.128,9.871,3.288,5.79,7.62,6.67,3.49,6.61
1.97,0.283,12.106,14.874,8.643,1.26,2.13,9.73,8.27,5.23
3.405,19.786,23.92,3.057,7.544,1.8,7.33,2.58,6.86,4.69
33.131,17.401,4.815,4.269,0.493,8.14,4.16,4.55,1.29,4.42
33.198,15.256,28.041,14.652,7.528,8.14,7.18,9.05,6.67,6.82
3.415,10.951,6.74,12.211,3.679,1.58,2.86,7.63,4.03,4.79
18.05,23.985,19.466,11.172,9.543,5.3,6.75,7.31,8.57,6.92
4.071,0.525,20.357,14.679,7.74,2.24,3.37,8.93,7.45,5.63
17.312,20.811,15.47,8.552,8.733,4.08,5.89,5.62,8.19,6.88
17.773,7.887,18.742,12.031,6.962,5.27,4.89,7.73,6.72,5.92
14.136,4.753,16.601,8.224,5.484,3.89,3.51,5.46,5.7,5.33
18.176,8.277,4.796,14.965,7.038,4.68,2.45,9.69,6.9,5.79
31.99,26.591,8.056,6.05,6.693,8.33,5.31,4.96,6.42,5.35
0.826,18.199,6.503,10.353,6.227,1.26,4.12,6.49,6.06,5.03
33.841,4.351,17.572,8.77,1.488,7.38,4.01,5.88,1.84,4.47
21.818,13.744,25.941,8.806,9.621,5.6,6.43,6.03,8.8,6.8
7.695,11.05,20.519,0.451,3.604,2.61,5.63,1.95,3.96,3.4
19.908,10.968,28.653,14.585,4.762,5.22,6.33,9.09,4.84,6.45
24.519,0.286,10.413,13.064,2.858,5.97,2.3,8.71,3.98,4.57
20.872,12.553,21.76,4.298,6.767,5.77,5.57,3.75,6.5,5.43
23.541,23.339,3.845,12.531,9.052,5.95,4.94,8.18,7.81,6.02
21.434,3.635,27.891,13.535,7.373,5.05,5.35,8.4,7.31,6.59
12.984,13.323,19.68,1.104,6.759,4.05,5.29,2.24,6.18,4.01
21.393,8.665,11.221,6.386,9.895,5.45,3.53,5.39,8.64,5.3
25.239,10.435,12.194,9.351,4.454,6.53,4.06,7.04,4.5,4.97
25.638,1.201,13.821,14.144,9.659,5.77,2.41,8.92,8.97,5.51
7.226,4.166,6.309,13.237,6.469,2.47,2.53,8.2,6.43,4.66
7.474,9.402,26.658,0.055,4.927,2.78,5.94,1.26,5.12,3.79
3.008,11.085,13.663,1.893,5.704,1.39,4.44,1.71,5.38,3.37
14.909,2.295,28.844,1.764,8.518,3.72,4.97,2.58,8.15,4.81
24.913,6.959,4.211,11.701,0.112,6.36,2.85,7.41,1.11,4.29
